,name,against_bug,against_dark,against_dragon,against_electric,against_fairy,against_fight,against_fire,against_flying,against_ghost,against_grass,against_ground,against_ice,against_normal,against_poison,against_psychic,against_rock,against_steel,against_water,attack,base_total,defense,hp,sp_attack,sp_defense,speed,type1,type2,generation,is_legendary
0,Bulbasaur,1.0,1.0,1.0,0.5,0.5,0.5,2.0,2.0,1.0,0.25,1.0,2.0,1.0,1.0,2.0,1.0,1.0,0.5,49,318,49,45,65,65,45,grass,poison,1,0
1,Ivysaur,1.0,1.0,1.0,0.5,0.5,0.5,2.0,2.0,1.0,0.25,1.0,2.0,1.0,1.0,2.0,1.0,1.0,0.5,62,405,63,60,80,80,60,grass,poison,1,0
2,Venusaur,1.0,1.0,1.0,0.5,0.5,0.5,2.0,2.0,1.0,0.25,1.0,2.0,1.0,1.0,2.0,1.0,1.0,0.5,100,625,123,80,122,120,80,grass,poison,1,0
3,Charmander,0.5,1.0,1.0,1.0,0.5,1.0,0.5,1.0,1.0,0.5,2.0,0.5,1.0,1.0,1.0,2.0,0.5,2.0,52,309,43,39,60,50,65,fire,,1,0
4,Charmeleon,0.5,1.0,1.0,1.0,0.5,1.0,0.5,1.0,1.0,0.5,2.0,0.5,1.0,1.0,1.0,2.0,0.5,2.0,64,405,58,58,80,65,80,fire,,1,0
5,Charizard,0.25,1.0,1.0,2.0,0.5,0.5,0.5,1.0,1.0,0.25,0.0,1.0,1.0,1.0,1.0,4.0,0.5,2.0,104,634,78,78,159,115,100,fire,flying,1,0
6,Squirtle,1.0,1.0,1.0,2.0,1.0,1.0,0.5,1.0,1.0,2.0,1.0,0.5,1.0,1.0,1.0,1.0,0.5,0.5,48,314,65,44,50,64,43,water,,1,0
7,Wartortle,1.0,1.0,1.0,2.0,1.0,1.0,0.5,1.0,1.0,2.0,1.0,0.5,1.0,1.0,1.0,1.0,0.5,0.5,63,405,80,59,65,80,58,water,,1,0
8,Blastoise,1.0,1.0,1.0,2.0,1.0,1.0,0.5,1.0,1.0,2.0,1.0,0.5,1.0,1.0,1.0,1.0,0.5,0.5,103,630,120,79,135,115,78,water,,1,0
9,Caterpie,1.0,1.0,1.0,1.0,1.0,0.5,2.0,2.0,1.0,0.5,0.5,1.0,1.0,1.0,1.0,2.0,1.0,1.0,30,195,35,45,20,20,45,bug,,1,0
10,Metapod,1.0,1.0,1.0,1.0,1.0,0.5,2.0,2.0,1.0,0.5,0.5,1.0,1.0,1.0,1.0,2.0,1.0,1.0,20,205,55,50,25,25,30,bug,,1,0
11,Butterfree,0.5,1.0,1.0,2.0,1.0,0.25,2.0,2.0,1.0,0.25,0.0,2.0,1.0,1.0,1.0,4.0,1.0,1.0,45,395,50,60,90,80,70,bug,flying,1,0
12,Weedle,0.5,1.0,1.0,1.0,0.5,0.25,2.0,2.0,1.0,0.25,1.0,1.0,1.0,0.5,2.0,2.0,1.0,1.0,35,195,30,40,20,20,50,bug,poison,1,0
13,Kakuna,0.5,1.0,1.0,1.0,0.5,0.25,2.0,2.0,1.0,0.25,1.0,1.0,1.0,0.5,2.0,2.0,1.0,1.0,25,205,50,45,25,25,35,bug,poison,1,0
14,Beedrill,0.5,1.0,1.0,1.0,0.5,0.25,2.0,2.0,1.0,0.25,1.0,1.0,1.0,0.5,2.0,2.0,1.0,1.0,150,495,40,65,15,80,145,bug,poison,1,0
15,Pidgey,0.5,1.0,1.0,2.0,1.0,1.0,1.0,1.0,0.0,0.5,0.0,2.0,1.0,1.0,1.0,2.0,1.0,1.0,45,251,40,40,35,35,56,normal,flying,1,0
16,Pidgeotto,0.5,1.0,1.0,2.0,1.0,1.0,1.0,1.0,0.0,0.5,0.0,2.0,1.0,1.0,1.0,2.0,1.0,1.0,60,349,55,63,50,50,71,normal,flying,1,0
17,Pidgeot,0.5,1.0,1.0,2.0,1.0,1.0,1.0,1.0,0.0,0.5,0.0,2.0,1.0,1.0,1.0,2.0,1.0,1.0,80,579,80,83,135,80,121,normal,flying,1,0
18,Rattata,1.0,1.0,1.0,1.0,1.0,2.0,1.0,1.0,0.0,1.0,1.0,1.0,1.0,1.0,1.0,1.0,1.0,1.0,56,253,35,30,25,35,72,normal,dark,1,0
19,Raticate,1.0,1.0,1.0,1.0,1.0,2.0,1.0,1.0,0.0,1.0,1.0,1.0,1.0,1.0,1.0,1.0,1.0,1.0,71,413,70,75,40,80,77,normal,dark,1,0
20,Spearow,0.5,1.0,1.0,2.0,1.0,1.0,1.0,1.0,0.0,0.5,0.0,2.0,1.0,1.0,1.0,2.0,1.0,1.0,60,262,30,40,31,31,70,normal,flying,1,0
21,Fearow,0.5,1.0,1.0,2.0,1.0,1.0,1.0,1.0,0.0,0.5,0.0,2.0,1.0,1.0,1.0,2.0,1.0,1.0,90,442,65,65,61,61,100,normal,flying,1,0
22,Ekans,0.5,1.0,1.0,1.0,0.5,0.5,1.0,1.0,1.0,0.5,2.0,1.0,1.0,0.5,2.0,1.0,1.0,1.0,60,288,44,35,40,54,55,poison,,1,0
23,Arbok,0.5,1.0,1.0,1.0,0.5,0.5,1.0,1.0,1.0,0.5,2.0,1.0,1.0,0.5,2.0,1.0,1.0,1.0,95,448,69,60,65,79,80,poison,,1,0
24,Pikachu,1.0,1.0,1.0,0.5,1.0,1.0,1.0,0.5,1.0,1.0,2.0,1.0,1.0,1.0,1.0,1.0,0.5,1.0,55,320,40,35,50,50,90,electric,,1,0
25,Raichu,1.0,1.0,1.0,0.5,1.0,1.0,1.0,0.5,1.0,1.0,2.0,1.0,1.0,1.0,1.0,1.0,0.5,1.0,85,485,50,60,95,85,110,electric,electric,1,0
26,Sandshrew,1.0,1.0,1.0,0.0,1.0,1.0,1.0,1.0,1.0,2.0,1.0,2.0,1.0,0.5,1.0,0.5,1.0,2.0,75,300,90,50,10,35,40,ground,ice,1,0
27,Sandslash,1.0,1.0,1.0,0.0,1.0,1.0,1.0,1.0,1.0,2.0,1.0,2.0,1.0,0.5,1.0,0.5,1.0,2.0,100,450,120,75,25,65,65,ground,ice,1,0
28,Nidoran♀,0.5,1.0,1.0,1.0,0.5,0.5,1.0,1.0,1.0,0.5,2.0,1.0,1.0,0.5,2.0,1.0,1.0,1.0,47,275,52,55,40,40,41,poison,,1,0
29,Nidorina,0.5,1.0,1.0,1.0,0.5,0.5,1.0,1.0,1.0,0.5,2.0,1.0,1.0,0.5,2.0,1.0,1.0,1.0,62,365,67,70,55,55,56,poison,,1,0
30,Nidoqueen,0.5,1.0,1.0,0.0,0.5,0.5,1.0,1.0,1.0,1.0,2.0,2.0,1.0,0.25,2.0,0.5,1.0,2.0,92,505,87,90,75,85,76,poison,ground,1,0
31,Nidoran♂,0.5,1.0,1.0,1.0,0.5,0.5,1.0,1.0,1.0,0.5,2.0,1.0,1.0,0.5,2.0,1.0,1.0,1.0,57,273,40,46,40,40,50,poison,,1,0
32,Nidorino,0.5,1.0,1.0,1.0,0.5,0.5,1.0,1.0,1.0,0.5,2.0,1.0,1.0,0.5,2.0,1.0,1.0,1.0,72,365,57,61,55,55,65,poison,,1,0
33,Nidoking,0.5,1.0,1.0,0.0,0.5,0.5,1.0,1.0,1.0,1.0,2.0,2.0,1.0,0.25,2.0,0.5,1.0,2.0,102,505,77,81,85,75,85,poison,ground,1,0
34,Clefairy,0.5,0.5,0.0,1.0,1.0,0.5,1.0,1.0,1.0,1.0,1.0,1.0,1.0,2.0,1.0,1.0,2.0,1.0,45,323,48,70,60,65,35,fairy,,1,0
35,Clefable,0.5,0.5,0.0,1.0,1.0,0.5,1.0,1.0,1.0,1.0,1.0,1.0,1.0,2.0,1.0,1.0,2.0,1.0,70,483,73,95,95,90,60,fairy,,1,0
36,Vulpix,0.5,1.0,1.0,1.0,0.5,1.0,0.5,1.0,1.0,0.5,2.0,0.5,1.0,1.0,1.0,2.0,0.5,2.0,41,299,40,38,50,65,65,fire,ice,1,0
37,Ninetales,0.5,1.0,1.0,1.0,0.5,1.0,0.5,1.0,1.0,0.5,2.0,0.5,1.0,1.0,1.0,2.0,0.5,2.0,67,505,75,73,81,100,109,fire,ice,1,0
38,Jigglypuff,0.5,0.5,0.0,1.0,1.0,1.0,1.0,1.0,0.0,1.0,1.0,1.0,1.0,2.0,1.0,1.0,2.0,1.0,45,270,20,115,45,25,20,normal,fairy,1,0
39,Wigglytuff,0.5,0.5,0.0,1.0,1.0,1.0,1.0,1.0,0.0,1.0,1.0,1.0,1.0,2.0,1.0,1.0,2.0,1.0,70,435,45,140,85,50,45,normal,fairy,1,0
40,Zubat,0.25,1.0,1.0,2.0,0.5,0.25,1.0,1.0,1.0,0.25,0.0,2.0,1.0,0.5,2.0,2.0,1.0,1.0,45,245,35,40,30,40,55,poison,flying,1,0
41,Golbat,0.25,1.0,1.0,2.0,0.5,0.25,1.0,1.0,1.0,0.25,0.0,2.0,1.0,0.5,2.0,2.0,1.0,1.0,80,455,70,75,65,75,90,poison,flying,1,0
42,Oddish,1.0,1.0,1.0,0.5,0.5,0.5,2.0,2.0,1.0,0.25,1.0,2.0,1.0,1.0,2.0,1.0,1.0,0.5,50,320,55,45,75,65,30,grass,poison,1,0
43,Gloom,1.0,1.0,1.0,0.5,0.5,0.5,2.0,2.0,1.0,0.25,1.0,2.0,1.0,1.0,2.0,1.0,1.0,0.5,65,395,70,60,85,75,40,grass,poison,1,0
44,Vileplume,1.0,1.0,1.0,0.5,0.5,0.5,2.0,2.0,1.0,0.25,1.0,2.0,1.0,1.0,2.0,1.0,1.0,0.5,80,490,85,75,110,90,50,grass,poison,1,0
45,Paras,2.0,1.0,1.0,0.5,1.0,0.5,4.0,4.0,1.0,0.25,0.25,2.0,1.0,2.0,1.0,2.0,1.0,0.5,70,285,55,35,45,55,25,bug,grass,1,0
46,Parasect,2.0,1.0,1.0,0.5,1.0,0.5,4.0,4.0,1.0,0.25,0.25,2.0,1.0,2.0,1.0,2.0,1.0,0.5,95,405,80,60,60,80,30,bug,grass,1,0
47,Venonat,0.5,1.0,1.0,1.0,0.5,0.25,2.0,2.0,1.0,0.25,1.0,1.0,1.0,0.5,2.0,2.0,1.0,1.0,55,305,50,60,40,55,45,bug,poison,1,0
48,Venomoth,0.5,1.0,1.0,1.0,0.5,0.25,2.0,2.0,1.0,0.25,1.0,1.0,1.0,0.5,2.0,2.0,1.0,1.0,65,450,60,70,90,75,90,bug,poison,1,0
49,Diglett,1.0,1.0,1.0,0.0,1.0,1.0,1.0,1.0,1.0,2.0,1.0,2.0,1.0,0.5,1.0,0.5,1.0,2.0,55,265,30,10,35,45,90,ground,ground,1,0
50,Dugtrio,1.0,1.0,1.0,0.0,1.0,1.0,1.0,1.0,1.0,2.0,1.0,2.0,1.0,0.5,1.0,0.5,1.0,2.0,100,425,60,35,50,70,110,ground,ground,1,0
51,Meowth,1.0,1.0,1.0,1.0,1.0,2.0,1.0,1.0,0.0,1.0,1.0,1.0,1.0,1.0,1.0,1.0,1.0,1.0,35,290,35,40,50,40,90,normal,dark,1,0
52,Persian,1.0,1.0,1.0,1.0,1.0,2.0,1.0,1.0,0.0,1.0,1.0,1.0,1.0,1.0,1.0,1.0,1.0,1.0,60,440,60,65,75,65,115,normal,dark,1,0
53,Psyduck,1.0,1.0,1.0,2.0,1.0,1.0,0.5,1.0,1.0,2.0,1.0,0.5,1.0,1.0,1.0,1.0,0.5,0.5,52,320,48,50,65,50,55,water,,1,0
54,Golduck,1.0,1.0,1.0,2.0,1.0,1.0,0.5,1.0,1.0,2.0,1.0,0.5,1.0,1.0,1.0,1.0,0.5,0.5,82,500,78,80,95,80,85,water,,1,0
55,Mankey,0.5,0.5,1.0,1.0,2.0,1.0,1.0,2.0,1.0,1.0,1.0,1.0,1.0,1.0,2.0,0.5,1.0,1.0,80,305,35,40,35,45,70,fighting,,1,0
56,Primeape,0.5,0.5,1.0,1.0,2.0,1.0,1.0,2.0,1.0,1.0,1.0,1.0,1.0,1.0,2.0,0.5,1.0,1.0,105,455,60,65,60,70,95,fighting,,1,0
57,Growlithe,0.5,1.0,1.0,1.0,0.5,1.0,0.5,1.0,1.0,0.5,2.0,0.5,1.0,1.0,1.0,2.0,0.5,2.0,70,350,45,55,70,50,60,fire,,1,0
58,Arcanine,0.5,1.0,1.0,1.0,0.5,1.0,0.5,1.0,1.0,0.5,2.0,0.5,1.0,1.0,1.0,2.0,0.5,2.0,110,555,80,90,100,80,95,fire,,1,0
59,Poliwag,1.0,1.0,1.0,2.0,1.0,1.0,0.5,1.0,1.0,2.0,1.0,0.5,1.0,1.0,1.0,1.0,0.5,0.5,50,300,40,40,40,40,90,water,,1,0
60,Poliwhirl,1.0,1.0,1.0,2.0,1.0,1.0,0.5,1.0,1.0,2.0,1.0,0.5,1.0,1.0,1.0,1.0,0.5,0.5,65,385,65,65,50,50,90,water,,1,0
61,Poliwrath,0.5,0.5,1.0,2.0,2.0,1.0,0.5,2.0,1.0,2.0,1.0,0.5,1.0,1.0,2.0,0.5,0.5,0.5,95,510,95,90,70,90,70,water,fighting,1,0
62,Abra,2.0,2.0,1.0,1.0,1.0,0.5,1.0,1.0,2.0,1.0,1.0,1.0,1.0,1.0,0.5,1.0,1.0,1.0,20,310,15,25,105,55,90,psychic,,1,0
63,Kadabra,2.0,2.0,1.0,1.0,1.0,0.5,1.0,1.0,2.0,1.0,1.0,1.0,1.0,1.0,0.5,1.0,1.0,1.0,35,400,30,40,120,70,105,psychic,,1,0
64,Alakazam,2.0,2.0,1.0,1.0,1.0,0.5,1.0,1.0,2.0,1.0,1.0,1.0,1.0,1.0,0.5,1.0,1.0,1.0,50,600,65,55,175,105,150,psychic,,1,0
65,Machop,0.5,0.5,1.0,1.0,2.0,1.0,1.0,2.0,1.0,1.0,1.0,1.0,1.0,1.0,2.0,0.5,1.0,1.0,80,305,50,70,35,35,35,fighting,,1,0
66,Machoke,0.5,0.5,1.0,1.0,2.0,1.0,1.0,2.0,1.0,1.0,1.0,1.0,1.0,1.0,2.0,0.5,1.0,1.0,100,405,70,80,50,60,45,fighting,,1,0
67,Machamp,0.5,0.5,1.0,1.0,2.0,1.0,1.0,2.0,1.0,1.0,1.0,1.0,1.0,1.0,2.0,0.5,1.0,1.0,130,505,80,90,65,85,55,fighting,,1,0
68,Bellsprout,1.0,1.0,1.0,0.5,0.5,0.5,2.0,2.0,1.0,0.25,1.0,2.0,1.0,1.0,2.0,1.0,1.0,0.5,75,300,35,50,70,30,40,grass,poison,1,0
69,Weepinbell,1.0,1.0,1.0,0.5,0.5,0.5,2.0,2.0,1.0,0.25,1.0,2.0,1.0,1.0,2.0,1.0,1.0,0.5,90,390,50,65,85,45,55,grass,poison,1,0
70,Victreebel,1.0,1.0,1.0,0.5,0.5,0.5,2.0,2.0,1.0,0.25,1.0,2.0,1.0,1.0,2.0,1.0,1.0,0.5,105,490,65,80,100,70,70,grass,poison,1,0
71,Tentacool,0.5,1.0,1.0,2.0,0.5,0.5,0.5,1.0,1.0,1.0,2.0,0.5,1.0,0.5,2.0,1.0,0.5,0.5,40,335,35,40,50,100,70,water,poison,1,0
72,Tentacruel,0.5,1.0,1.0,2.0,0.5,0.5,0.5,1.0,1.0,1.0,2.0,0.5,1.0,0.5,2.0,1.0,0.5,0.5,70,515,65,80,80,120,100,water,poison,1,0
73,Geodude,1.0,1.0,1.0,0.0,1.0,2.0,0.5,0.5,1.0,4.0,2.0,2.0,0.5,0.25,1.0,0.5,2.0,4.0,80,300,100,40,30,30,20,rock,ground,1,0
74,Graveler,1.0,1.0,1.0,0.0,1.0,2.0,0.5,0.5,1.0,4.0,2.0,2.0,0.5,0.25,1.0,0.5,2.0,4.0,95,390,115,55,45,45,35,rock,ground,1,0
75,Golem,1.0,1.0,1.0,0.0,1.0,2.0,0.5,0.5,1.0,4.0,2.0,2.0,0.5,0.25,1.0,0.5,2.0,4.0,120,495,130,80,55,65,45,rock,ground,1,0
76,Ponyta,0.5,1.0,1.0,1.0,0.5,1.0,0.5,1.0,1.0,0.5,2.0,0.5,1.0,1.0,1.0,2.0,0.5,2.0,85,410,55,50,65,65,90,fire,,1,0
77,Rapidash,0.5,1.0,1.0,1.0,0.5,1.0,0.5,1.0,1.0,0.5,2.0,0.5,1.0,1.0,1.0,2.0,0.5,2.0,100,500,70,65,80,80,105,fire,,1,0
78,Slowpoke,2.0,2.0,1.0,2.0,1.0,0.5,0.5,1.0,2.0,2.0,1.0,0.5,1.0,1.0,0.5,1.0,0.5,0.5,65,315,65,90,40,40,15,water,psychic,1,0
79,Slowbro,2.0,2.0,1.0,2.0,1.0,0.5,0.5,1.0,2.0,2.0,1.0,0.5,1.0,1.0,0.5,1.0,0.5,0.5,75,590,180,95,130,80,30,water,psychic,1,0
80,Magnemite,0.5,1.0,0.5,0.5,0.5,2.0,2.0,0.25,1.0,0.5,4.0,0.5,0.5,0.0,0.5,0.5,0.25,1.0,35,325,70,25,95,55,45,electric,steel,1,0
81,Magneton,0.5,1.0,0.5,0.5,0.5,2.0,2.0,0.25,1.0,0.5,4.0,0.5,0.5,0.0,0.5,0.5,0.25,1.0,60,465,95,50,120,70,70,electric,steel,1,0
82,Farfetch'd,0.5,1.0,1.0,2.0,1.0,1.0,1.0,1.0,0.0,0.5,0.0,2.0,1.0,1.0,1.0,2.0,1.0,1.0,90,377,55,52,58,62,60,normal,flying,1,0
83,Doduo,0.5,1.0,1.0,2.0,1.0,1.0,1.0,1.0,0.0,0.5,0.0,2.0,1.0,1.0,1.0,2.0,1.0,1.0,85,310,45,35,35,35,75,normal,flying,1,0
84,Dodrio,0.5,1.0,1.0,2.0,1.0,1.0,1.0,1.0,0.0,0.5,0.0,2.0,1.0,1.0,1.0,2.0,1.0,1.0,110,470,70,60,60,60,110,normal,flying,1,0
85,Seel,1.0,1.0,1.0,2.0,1.0,1.0,0.5,1.0,1.0,2.0,1.0,0.5,1.0,1.0,1.0,1.0,0.5,0.5,45,325,55,65,45,70,45,water,,1,0
86,Dewgong,1.0,1.0,1.0,2.0,1.0,2.0,1.0,1.0,1.0,2.0,1.0,0.25,1.0,1.0,1.0,2.0,1.0,0.5,70,475,80,90,70,95,70,water,ice,1,0
87,Grimer,0.5,1.0,1.0,1.0,0.5,0.5,1.0,1.0,1.0,0.5,2.0,1.0,1.0,0.5,2.0,1.0,1.0,1.0,80,325,50,80,40,50,25,poison,poison,1,0
88,Muk,0.5,1.0,1.0,1.0,0.5,0.5,1.0,1.0,1.0,0.5,2.0,1.0,1.0,0.5,2.0,1.0,1.0,1.0,105,500,75,105,65,100,50,poison,poison,1,0
89,Shellder,1.0,1.0,1.0,2.0,1.0,1.0,0.5,1.0,1.0,2.0,1.0,0.5,1.0,1.0,1.0,1.0,0.5,0.5,65,305,100,30,45,25,40,water,,1,0
90,Cloyster,1.0,1.0,1.0,2.0,1.0,2.0,1.0,1.0,1.0,2.0,1.0,0.25,1.0,1.0,1.0,2.0,1.0,0.5,95,525,180,50,85,45,70,water,ice,1,0
91,Gastly,0.25,2.0,1.0,1.0,0.5,0.0,1.0,1.0,2.0,0.5,2.0,1.0,0.0,0.25,2.0,1.0,1.0,1.0,35,310,30,30,100,35,80,ghost,poison,1,0
92,Haunter,0.25,2.0,1.0,1.0,0.5,0.0,1.0,1.0,2.0,0.5,2.0,1.0,0.0,0.25,2.0,1.0,1.0,1.0,50,405,45,45,115,55,95,ghost,poison,1,0
93,Gengar,0.25,2.0,1.0,1.0,0.5,0.0,1.0,1.0,2.0,0.5,2.0,1.0,0.0,0.25,2.0,1.0,1.0,1.0,65,600,80,60,170,95,130,ghost,poison,1,0
94,Onix,1.0,1.0,1.0,0.0,1.0,2.0,0.5,0.5,1.0,4.0,2.0,2.0,0.5,0.25,1.0,0.5,2.0,4.0,45,385,160,35,30,45,70,rock,ground,1,0
95,Drowzee,2.0,2.0,1.0,1.0,1.0,0.5,1.0,1.0,2.0,1.0,1.0,1.0,1.0,1.0,0.5,1.0,1.0,1.0,48,328,45,60,43,90,42,psychic,,1,0
96,Hypno,2.0,2.0,1.0,1.0,1.0,0.5,1.0,1.0,2.0,1.0,1.0,1.0,1.0,1.0,0.5,1.0,1.0,1.0,73,483,70,85,73,115,67,psychic,,1,0
97,Krabby,1.0,1.0,1.0,2.0,1.0,1.0,0.5,1.0,1.0,2.0,1.0,0.5,1.0,1.0,1.0,1.0,0.5,0.5,105,325,90,30,25,25,50,water,,1,0
98,Kingler,1.0,1.0,1.0,2.0,1.0,1.0,0.5,1.0,1.0,2.0,1.0,0.5,1.0,1.0,1.0,1.0,0.5,0.5,130,475,115,55,50,50,75,water,,1,0
99,Voltorb,1.0,1.0,1.0,0.5,1.0,1.0,1.0,0.5,1.0,1.0,2.0,1.0,1.0,1.0,1.0,1.0,0.5,1.0,30,330,50,40,55,55,100,electric,,1,0
100,Electrode,1.0,1.0,1.0,0.5,1.0,1.0,1.0,0.5,1.0,1.0,2.0,1.0,1.0,1.0,1.0,1.0,0.5,1.0,50,490,70,60,80,80,150,electric,,1,0
101,Exeggcute,4.0,2.0,1.0,0.5,1.0,0.5,2.0,2.0,2.0,0.5,0.5,2.0,1.0,2.0,0.5,1.0,1.0,0.5,40,325,80,60,60,45,40,grass,psychic,1,0
102,Exeggutor,4.0,2.0,1.0,0.5,1.0,0.5,2.0,2.0,2.0,0.5,0.5,2.0,1.0,2.0,0.5,1.0,1.0,0.5,105,530,85,95,125,75,45,grass,psychic,1,0
103,Cubone,1.0,1.0,1.0,0.0,1.0,1.0,1.0,1.0,1.0,2.0,1.0,2.0,1.0,0.5,1.0,0.5,1.0,2.0,50,320,95,50,40,50,35,ground,,1,0
104,Marowak,1.0,1.0,1.0,0.0,1.0,1.0,1.0,1.0,1.0,2.0,1.0,2.0,1.0,0.5,1.0,0.5,1.0,2.0,80,425,110,60,50,80,45,ground,fire,1,0
105,Hitmonlee,0.5,0.5,1.0,1.0,2.0,1.0,1.0,2.0,1.0,1.0,1.0,1.0,1.0,1.0,2.0,0.5,1.0,1.0,120,455,53,50,35,110,87,fighting,,1,0
106,Hitmonchan,0.5,0.5,1.0,1.0,2.0,1.0,1.0,2.0,1.0,1.0,1.0,1.0,1.0,1.0,2.0,0.5,1.0,1.0,105,455,79,50,35,110,76,fighting,,1,0
107,Lickitung,1.0,1.0,1.0,1.0,1.0,2.0,1.0,1.0,0.0,1.0,1.0,1.0,1.0,1.0,1.0,1.0,1.0,1.0,55,385,75,90,60,75,30,normal,,1,0
108,Koffing,0.5,1.0,1.0,1.0,0.5,0.5,1.0,1.0,1.0,0.5,2.0,1.0,1.0,0.5,2.0,1.0,1.0,1.0,65,340,95,40,60,45,35,poison,,1,0
109,Weezing,0.5,1.0,1.0,1.0,0.5,0.5,1.0,1.0,1.0,0.5,2.0,1.0,1.0,0.5,2.0,1.0,1.0,1.0,90,490,120,65,85,70,60,poison,,1,0
110,Rhyhorn,1.0,1.0,1.0,0.0,1.0,2.0,0.5,0.5,1.0,4.0,2.0,2.0,0.5,0.25,1.0,0.5,2.0,4.0,85,345,95,80,30,30,25,ground,rock,1,0
111,Rhydon,1.0,1.0,1.0,0.0,1.0,2.0,0.5,0.5,1.0,4.0,2.0,2.0,0.5,0.25,1.0,0.5,2.0,4.0,130,485,120,105,45,45,40,ground,rock,1,0
112,Chansey,1.0,1.0,1.0,1.0,1.0,2.0,1.0,1.0,0.0,1.0,1.0,1.0,1.0,1.0,1.0,1.0,1.0,1.0,5,450,5,250,35,105,50,normal,,1,0
113,Tangela,2.0,1.0,1.0,0.5,1.0,1.0,2.0,2.0,1.0,0.5,0.5,2.0,1.0,2.0,1.0,1.0,1.0,0.5,55,435,115,65,100,40,60,grass,,1,0
114,Kangaskhan,1.0,1.0,1.0,1.0,1.0,2.0,1.0,1.0,0.0,1.0,1.0,1.0,1.0,1.0,1.0,1.0,1.0,1.0,125,590,100,105,60,100,100,normal,,1,0
115,Horsea,1.0,1.0,1.0,2.0,1.0,1.0,0.5,1.0,1.0,2.0,1.0,0.5,1.0,1.0,1.0,1.0,0.5,0.5,40,295,70,30,70,25,60,water,,1,0
116,Seadra,1.0,1.0,1.0,2.0,1.0,1.0,0.5,1.0,1.0,2.0,1.0,0.5,1.0,1.0,1.0,1.0,0.5,0.5,65,440,95,55,95,45,85,water,,1,0
117,Goldeen,1.0,1.0,1.0,2.0,1.0,1.0,0.5,1.0,1.0,2.0,1.0,0.5,1.0,1.0,1.0,1.0,0.5,0.5,67,320,60,45,35,50,63,water,,1,0
118,Seaking,1.0,1.0,1.0,2.0,1.0,1.0,0.5,1.0,1.0,2.0,1.0,0.5,1.0,1.0,1.0,1.0,0.5,0.5,92,450,65,80,65,80,68,water,,1,0
119,Staryu,1.0,1.0,1.0,2.0,1.0,1.0,0.5,1.0,1.0,2.0,1.0,0.5,1.0,1.0,1.0,1.0,0.5,0.5,45,340,55,30,70,55,85,water,,1,0
120,Starmie,2.0,2.0,1.0,2.0,1.0,0.5,0.5,1.0,2.0,2.0,1.0,0.5,1.0,1.0,0.5,1.0,0.5,0.5,75,520,85,60,100,85,115,water,psychic,1,0
121,Mr. Mime,1.0,1.0,0.0,1.0,1.0,0.25,1.0,1.0,2.0,1.0,1.0,1.0,1.0,2.0,0.5,1.0,2.0,1.0,45,460,65,40,100,120,90,psychic,fairy,1,0
122,Scyther,0.5,1.0,1.0,2.0,1.0,0.25,2.0,2.0,1.0,0.25,0.0,2.0,1.0,1.0,1.0,4.0,1.0,1.0,110,500,80,70,55,80,105,bug,flying,1,0
123,Jynx,2.0,2.0,1.0,1.0,1.0,1.0,2.0,1.0,2.0,1.0,1.0,0.5,1.0,1.0,0.5,2.0,2.0,1.0,50,455,35,65,115,95,95,ice,psychic,1,0
124,Electabuzz,1.0,1.0,1.0,0.5,1.0,1.0,1.0,0.5,1.0,1.0,2.0,1.0,1.0,1.0,1.0,1.0,0.5,1.0,83,490,57,65,95,85,105,electric,,1,0
125,Magmar,0.5,1.0,1.0,1.0,0.5,1.0,0.5,1.0,1.0,0.5,2.0,0.5,1.0,1.0,1.0,2.0,0.5,2.0,95,495,57,65,100,85,93,fire,,1,0
126,Pinsir,1.0,1.0,1.0,1.0,1.0,0.5,2.0,2.0,1.0,0.5,0.5,1.0,1.0,1.0,1.0,2.0,1.0,1.0,155,600,120,65,65,90,105,bug,,1,0
127,Tauros,1.0,1.0,1.0,1.0,1.0,2.0,1.0,1.0,0.0,1.0,1.0,1.0,1.0,1.0,1.0,1.0,1.0,1.0,100,490,95,75,40,70,110,normal,,1,0
128,Magikarp,1.0,1.0,1.0,2.0,1.0,1.0,0.5,1.0,1.0,2.0,1.0,0.5,1.0,1.0,1.0,1.0,0.5,0.5,10,200,55,20,15,20,80,water,,1,0
129,Gyarados,0.5,1.0,1.0,4.0,1.0,0.5,0.5,1.0,1.0,1.0,0.0,1.0,1.0,1.0,1.0,2.0,0.5,0.5,155,640,109,95,70,130,81,water,flying,1,0
130,Lapras,1.0,1.0,1.0,2.0,1.0,2.0,1.0,1.0,1.0,2.0,1.0,0.25,1.0,1.0,1.0,2.0,1.0,0.5,85,535,80,130,85,95,60,water,ice,1,0
131,Ditto,1.0,1.0,1.0,1.0,1.0,2.0,1.0,1.0,0.0,1.0,1.0,1.0,1.0,1.0,1.0,1.0,1.0,1.0,48,288,48,48,48,48,48,normal,,1,0
132,Eevee,1.0,1.0,1.0,1.0,1.0,2.0,1.0,1.0,0.0,1.0,1.0,1.0,1.0,1.0,1.0,1.0,1.0,1.0,55,325,50,55,45,65,55,normal,,1,0
133,Vaporeon,1.0,1.0,1.0,2.0,1.0,1.0,0.5,1.0,1.0,2.0,1.0,0.5,1.0,1.0,1.0,1.0,0.5,0.5,65,525,60,130,110,95,65,water,,1,0
134,Jolteon,1.0,1.0,1.0,0.5,1.0,1.0,1.0,0.5,1.0,1.0,2.0,1.0,1.0,1.0,1.0,1.0,0.5,1.0,65,525,60,65,110,95,130,electric,,1,0
135,Flareon,0.5,1.0,1.0,1.0,0.5,1.0,0.5,1.0,1.0,0.5,2.0,0.5,1.0,1.0,1.0,2.0,0.5,2.0,130,525,60,65,95,110,65,fire,,1,0
136,Porygon,1.0,1.0,1.0,1.0,1.0,2.0,1.0,1.0,0.0,1.0,1.0,1.0,1.0,1.0,1.0,1.0,1.0,1.0,60,395,70,65,85,75,40,normal,,1,0
137,Omanyte,1.0,1.0,1.0,2.0,1.0,2.0,0.25,0.5,1.0,4.0,2.0,0.5,0.5,0.5,1.0,1.0,1.0,1.0,40,355,100,35,90,55,35,rock,water,1,0
138,Omastar,1.0,1.0,1.0,2.0,1.0,2.0,0.25,0.5,1.0,4.0,2.0,0.5,0.5,0.5,1.0,1.0,1.0,1.0,60,495,125,70,115,70,55,rock,water,1,0
139,Kabuto,1.0,1.0,1.0,2.0,1.0,2.0,0.25,0.5,1.0,4.0,2.0,0.5,0.5,0.5,1.0,1.0,1.0,1.0,80,355,90,30,55,45,55,rock,water,1,0
140,Kabutops,1.0,1.0,1.0,2.0,1.0,2.0,0.25,0.5,1.0,4.0,2.0,0.5,0.5,0.5,1.0,1.0,1.0,1.0,115,495,105,60,65,70,80,rock,water,1,0
141,Aerodactyl,0.5,1.0,1.0,2.0,1.0,1.0,0.5,0.5,1.0,1.0,0.0,2.0,0.5,0.5,1.0,2.0,2.0,2.0,135,615,85,80,70,95,150,rock,flying,1,0
142,Snorlax,1.0,1.0,1.0,1.0,1.0,2.0,1.0,1.0,0.0,1.0,1.0,1.0,1.0,1.0,1.0,1.0,1.0,1.0,110,540,65,160,65,110,30,normal,,1,0
143,Articuno,0.5,1.0,1.0,2.0,1.0,1.0,2.0,1.0,1.0,0.5,0.0,1.0,1.0,1.0,1.0,4.0,2.0,1.0,85,580,100,90,95,125,85,ice,flying,1,1
144,Zapdos,0.5,1.0,1.0,1.0,1.0,0.5,1.0,0.5,1.0,0.5,0.0,2.0,1.0,1.0,1.0,2.0,0.5,1.0,90,580,85,90,125,90,100,electric,flying,1,1
145,Moltres,0.25,1.0,1.0,2.0,0.5,0.5,0.5,1.0,1.0,0.25,0.0,1.0,1.0,1.0,1.0,4.0,0.5,2.0,100,580,90,90,125,85,90,fire,flying,1,1
146,Dratini,1.0,1.0,2.0,0.5,2.0,1.0,0.5,1.0,1.0,0.5,1.0,2.0,1.0,1.0,1.0,1.0,1.0,0.5,64,300,45,41,50,50,50,dragon,,1,0
147,Dragonair,1.0,1.0,2.0,0.5,2.0,1.0,0.5,1.0,1.0,0.5,1.0,2.0,1.0,1.0,1.0,1.0,1.0,0.5,84,420,65,61,70,70,70,dragon,,1,0
148,Dragonite,0.5,1.0,2.0,1.0,2.0,0.5,0.5,1.0,1.0,0.25,0.0,4.0,1.0,1.0,1.0,2.0,1.0,0.5,134,600,95,91,100,100,80,dragon,flying,1,0
149,Mewtwo,2.0,2.0,1.0,1.0,1.0,0.5,1.0,1.0,2.0,1.0,1.0,1.0,1.0,1.0,0.5,1.0,1.0,1.0,150,780,70,106,194,120,140,psychic,,1,1
150,Mew,2.0,2.0,1.0,1.0,1.0,0.5,1.0,1.0,2.0,1.0,1.0,1.0,1.0,1.0,0.5,1.0,1.0,1.0,100,600,100,100,100,100,100,psychic,,1,1
151,Chikorita,2.0,1.0,1.0,0.5,1.0,1.0,2.0,2.0,1.0,0.5,0.5,2.0,1.0,2.0,1.0,1.0,1.0,0.5,49,318,65,45,49,65,45,grass,,2,0
152,Bayleef,2.0,1.0,1.0,0.5,1.0,1.0,2.0,2.0,1.0,0.5,0.5,2.0,1.0,2.0,1.0,1.0,1.0,0.5,62,405,80,60,63,80,60,grass,,2,0
153,Meganium,2.0,1.0,1.0,0.5,1.0,1.0,2.0,2.0,1.0,0.5,0.5,2.0,1.0,2.0,1.0,1.0,1.0,0.5,82,525,100,80,83,100,80,grass,,2,0
154,Cyndaquil,0.5,1.0,1.0,1.0,0.5,1.0,0.5,1.0,1.0,0.5,2.0,0.5,1.0,1.0,1.0,2.0,0.5,2.0,52,309,43,39,60,50,65,fire,,2,0
155,Quilava,0.5,1.0,1.0,1.0,0.5,1.0,0.5,1.0,1.0,0.5,2.0,0.5,1.0,1.0,1.0,2.0,0.5,2.0,64,405,58,58,80,65,80,fire,,2,0
156,Typhlosion,0.5,1.0,1.0,1.0,0.5,1.0,0.5,1.0,1.0,0.5,2.0,0.5,1.0,1.0,1.0,2.0,0.5,2.0,84,534,78,78,109,85,100,fire,,2,0
157,Totodile,1.0,1.0,1.0,2.0,1.0,1.0,0.5,1.0,1.0,2.0,1.0,0.5,1.0,1.0,1.0,1.0,0.5,0.5,65,314,64,50,44,48,43,water,,2,0
158,Croconaw,1.0,1.0,1.0,2.0,1.0,1.0,0.5,1.0,1.0,2.0,1.0,0.5,1.0,1.0,1.0,1.0,0.5,0.5,80,405,80,65,59,63,58,water,,2,0
159,Feraligatr,1.0,1.0,1.0,2.0,1.0,1.0,0.5,1.0,1.0,2.0,1.0,0.5,1.0,1.0,1.0,1.0,0.5,0.5,105,530,100,85,79,83,78,water,,2,0
160,Sentret,1.0,1.0,1.0,1.0,1.0,2.0,1.0,1.0,0.0,1.0,1.0,1.0,1.0,1.0,1.0,1.0,1.0,1.0,46,215,34,35,35,45,20,normal,,2,0
161,Furret,1.0,1.0,1.0,1.0,1.0,2.0,1.0,1.0,0.0,1.0,1.0,1.0,1.0,1.0,1.0,1.0,1.0,1.0,76,415,64,85,45,55,90,normal,,2,0
162,Hoothoot,0.5,1.0,1.0,2.0,1.0,1.0,1.0,1.0,0.0,0.5,0.0,2.0,1.0,1.0,1.0,2.0,1.0,1.0,30,262,30,60,36,56,50,normal,flying,2,0
163,Noctowl,0.5,1.0,1.0,2.0,1.0,1.0,1.0,1.0,0.0,0.5,0.0,2.0,1.0,1.0,1.0,2.0,1.0,1.0,50,452,50,100,86,96,70,normal,flying,2,0
164,Ledyba,0.5,1.0,1.0,2.0,1.0,0.25,2.0,2.0,1.0,0.25,0.0,2.0,1.0,1.0,1.0,4.0,1.0,1.0,20,265,30,40,40,80,55,bug,flying,2,0
165,Ledian,0.5,1.0,1.0,2.0,1.0,0.25,2.0,2.0,1.0,0.25,0.0,2.0,1.0,1.0,1.0,4.0,1.0,1.0,35,390,50,55,55,110,85,bug,flying,2,0
166,Spinarak,0.5,1.0,1.0,1.0,0.5,0.25,2.0,2.0,1.0,0.25,1.0,1.0,1.0,0.5,2.0,2.0,1.0,1.0,60,250,40,40,40,40,30,bug,poison,2,0
167,Ariados,0.5,1.0,1.0,1.0,0.5,0.25,2.0,2.0,1.0,0.25,1.0,1.0,1.0,0.5,2.0,2.0,1.0,1.0,90,400,70,70,60,70,40,bug,poison,2,0
168,Crobat,0.25,1.0,1.0,2.0,0.5,0.25,1.0,1.0,1.0,0.25,0.0,2.0,1.0,0.5,2.0,2.0,1.0,1.0,90,535,80,85,70,80,130,poison,flying,2,0
169,Chinchou,1.0,1.0,1.0,1.0,1.0,1.0,0.5,0.5,1.0,2.0,2.0,0.5,1.0,1.0,1.0,1.0,0.25,0.5,38,330,38,75,56,56,67,water,electric,2,0
170,Lanturn,1.0,1.0,1.0,1.0,1.0,1.0,0.5,0.5,1.0,2.0,2.0,0.5,1.0,1.0,1.0,1.0,0.25,0.5,58,460,58,125,76,76,67,water,electric,2,0
171,Pichu,1.0,1.0,1.0,0.5,1.0,1.0,1.0,0.5,1.0,1.0,2.0,1.0,1.0,1.0,1.0,1.0,0.5,1.0,40,205,15,20,35,35,60,electric,,2,0
172,Cleffa,0.5,0.5,0.0,1.0,1.0,0.5,1.0,1.0,1.0,1.0,1.0,1.0,1.0,2.0,1.0,1.0,2.0,1.0,25,218,28,50,45,55,15,fairy,,2,0
173,Igglybuff,0.5,0.5,0.0,1.0,1.0,1.0,1.0,1.0,0.0,1.0,1.0,1.0,1.0,2.0,1.0,1.0,2.0,1.0,30,210,15,90,40,20,15,normal,fairy,2,0
174,Togepi,0.5,0.5,0.0,1.0,1.0,0.5,1.0,1.0,1.0,1.0,1.0,1.0,1.0,2.0,1.0,1.0,2.0,1.0,20,245,65,35,40,65,20,fairy,,2,0
175,Togetic,0.25,0.5,0.0,2.0,1.0,0.25,1.0,1.0,1.0,0.5,0.0,2.0,1.0,2.0,1.0,2.0,2.0,1.0,40,405,85,55,80,105,40,fairy,flying,2,0
176,Natu,1.0,2.0,1.0,2.0,1.0,0.25,1.0,1.0,2.0,0.5,0.0,2.0,1.0,1.0,0.5,2.0,1.0,1.0,50,320,45,40,70,45,70,psychic,flying,2,0
177,Xatu,1.0,2.0,1.0,2.0,1.0,0.25,1.0,1.0,2.0,0.5,0.0,2.0,1.0,1.0,0.5,2.0,1.0,1.0,75,470,70,65,95,70,95,psychic,flying,2,0
178,Mareep,1.0,1.0,1.0,0.5,1.0,1.0,1.0,0.5,1.0,1.0,2.0,1.0,1.0,1.0,1.0,1.0,0.5,1.0,40,280,40,55,65,45,35,electric,,2,0
179,Flaaffy,1.0,1.0,1.0,0.5,1.0,1.0,1.0,0.5,1.0,1.0,2.0,1.0,1.0,1.0,1.0,1.0,0.5,1.0,55,365,55,70,80,60,45,electric,,2,0
180,Ampharos,1.0,1.0,1.0,0.5,1.0,1.0,1.0,0.5,1.0,1.0,2.0,1.0,1.0,1.0,1.0,1.0,0.5,1.0,95,610,105,90,165,110,45,electric,,2,0
181,Bellossom,2.0,1.0,1.0,0.5,1.0,1.0,2.0,2.0,1.0,0.5,0.5,2.0,1.0,2.0,1.0,1.0,1.0,0.5,80,490,95,75,90,100,50,grass,,2,0
182,Marill,0.5,0.5,0.0,2.0,1.0,0.5,0.5,1.0,1.0,2.0,1.0,0.5,1.0,2.0,1.0,1.0,1.0,0.5,20,250,50,70,20,50,40,water,fairy,2,0
183,Azumarill,0.5,0.5,0.0,2.0,1.0,0.5,0.5,1.0,1.0,2.0,1.0,0.5,1.0,2.0,1.0,1.0,1.0,0.5,50,420,80,100,60,80,50,water,fairy,2,0
184,Sudowoodo,1.0,1.0,1.0,1.0,1.0,2.0,0.5,0.5,1.0,2.0,2.0,1.0,0.5,0.5,1.0,1.0,2.0,2.0,100,410,115,70,30,65,30,rock,,2,0
185,Politoed,1.0,1.0,1.0,2.0,1.0,1.0,0.5,1.0,1.0,2.0,1.0,0.5,1.0,1.0,1.0,1.0,0.5,0.5,75,500,75,90,90,100,70,water,,2,0
186,Hoppip,1.0,1.0,1.0,1.0,1.0,0.5,2.0,2.0,1.0,0.25,0.0,4.0,1.0,2.0,1.0,2.0,1.0,0.5,35,250,40,35,35,55,50,grass,flying,2,0
187,Skiploom,1.0,1.0,1.0,1.0,1.0,0.5,2.0,2.0,1.0,0.25,0.0,4.0,1.0,2.0,1.0,2.0,1.0,0.5,45,340,50,55,45,65,80,grass,flying,2,0
188,Jumpluff,1.0,1.0,1.0,1.0,1.0,0.5,2.0,2.0,1.0,0.25,0.0,4.0,1.0,2.0,1.0,2.0,1.0,0.5,55,460,70,75,55,95,110,grass,flying,2,0
189,Aipom,1.0,1.0,1.0,1.0,1.0,2.0,1.0,1.0,0.0,1.0,1.0,1.0,1.0,1.0,1.0,1.0,1.0,1.0,70,360,55,55,40,55,85,normal,,2,0
190,Sunkern,2.0,1.0,1.0,0.5,1.0,1.0,2.0,2.0,1.0,0.5,0.5,2.0,1.0,2.0,1.0,1.0,1.0,0.5,30,180,30,30,30,30,30,grass,,2,0
191,Sunflora,2.0,1.0,1.0,0.5,1.0,1.0,2.0,2.0,1.0,0.5,0.5,2.0,1.0,2.0,1.0,1.0,1.0,0.5,75,425,55,75,105,85,30,grass,,2,0
192,Yanma,0.5,1.0,1.0,2.0,1.0,0.25,2.0,2.0,1.0,0.25,0.0,2.0,1.0,1.0,1.0,4.0,1.0,1.0,65,390,45,65,75,45,95,bug,flying,2,0
193,Wooper,1.0,1.0,1.0,0.0,1.0,1.0,0.5,1.0,1.0,4.0,1.0,1.0,1.0,0.5,1.0,0.5,0.5,1.0,45,210,45,55,25,25,15,water,ground,2,0
194,Quagsire,1.0,1.0,1.0,0.0,1.0,1.0,0.5,1.0,1.0,4.0,1.0,1.0,1.0,0.5,1.0,0.5,0.5,1.0,85,430,85,95,65,65,35,water,ground,2,0
195,Espeon,2.0,2.0,1.0,1.0,1.0,0.5,1.0,1.0,2.0,1.0,1.0,1.0,1.0,1.0,0.5,1.0,1.0,1.0,65,525,60,65,130,95,110,psychic,,2,0
196,Umbreon,2.0,0.5,1.0,1.0,2.0,2.0,1.0,1.0,0.5,1.0,1.0,1.0,1.0,1.0,0.0,1.0,1.0,1.0,65,525,110,95,60,130,65,dark,,2,0
197,Murkrow,1.0,0.5,1.0,2.0,2.0,1.0,1.0,1.0,0.5,0.5,0.0,2.0,1.0,1.0,0.0,2.0,1.0,1.0,85,405,42,60,85,42,91,dark,flying,2,0
198,Slowking,2.0,2.0,1.0,2.0,1.0,0.5,0.5,1.0,2.0,2.0,1.0,0.5,1.0,1.0,0.5,1.0,0.5,0.5,75,490,80,95,100,110,30,water,psychic,2,0
199,Misdreavus,0.5,2.0,1.0,1.0,1.0,0.0,1.0,1.0,2.0,1.0,1.0,1.0,0.0,0.5,1.0,1.0,1.0,1.0,60,435,60,60,85,85,85,ghost,,2,0
200,Unown,2.0,2.0,1.0,1.0,1.0,0.5,1.0,1.0,2.0,1.0,1.0,1.0,1.0,1.0,0.5,1.0,1.0,1.0,72,336,48,48,72,48,48,psychic,,2,0
201,Wobbuffet,2.0,2.0,1.0,1.0,1.0,0.5,1.0,1.0,2.0,1.0,1.0,1.0,1.0,1.0,0.5,1.0,1.0,1.0,33,405,58,190,33,58,33,psychic,,2,0
202,Girafarig,2.0,2.0,1.0,1.0,1.0,1.0,1.0,1.0,0.0,1.0,1.0,1.0,1.0,1.0,0.5,1.0,1.0,1.0,80,455,65,70,90,65,85,normal,psychic,2,0
203,Pineco,1.0,1.0,1.0,1.0,1.0,0.5,2.0,2.0,1.0,0.5,0.5,1.0,1.0,1.0,1.0,2.0,1.0,1.0,65,290,90,50,35,35,15,bug,,2,0
204,Forretress,0.5,1.0,0.5,1.0,0.5,1.0,4.0,1.0,1.0,0.25,1.0,0.5,0.5,0.0,0.5,1.0,0.5,1.0,90,465,140,75,60,60,40,bug,steel,2,0
205,Dunsparce,1.0,1.0,1.0,1.0,1.0,2.0,1.0,1.0,0.0,1.0,1.0,1.0,1.0,1.0,1.0,1.0,1.0,1.0,70,415,70,100,65,65,45,normal,,2,0
206,Gligar,0.5,1.0,1.0,0.0,1.0,0.5,1.0,1.0,1.0,1.0,0.0,4.0,1.0,0.5,1.0,1.0,1.0,2.0,75,430,105,65,35,65,85,ground,flying,2,0
207,Steelix,0.5,1.0,0.5,0.0,0.5,2.0,2.0,0.5,1.0,1.0,2.0,1.0,0.5,0.0,0.5,0.25,0.5,2.0,125,610,230,75,55,95,30,steel,ground,2,0
208,Snubbull,0.5,0.5,0.0,1.0,1.0,0.5,1.0,1.0,1.0,1.0,1.0,1.0,1.0,2.0,1.0,1.0,2.0,1.0,80,300,50,60,40,40,30,fairy,,2,0
209,Granbull,0.5,0.5,0.0,1.0,1.0,0.5,1.0,1.0,1.0,1.0,1.0,1.0,1.0,2.0,1.0,1.0,2.0,1.0,120,450,75,90,60,60,45,fairy,,2,0
210,Qwilfish,0.5,1.0,1.0,2.0,0.5,0.5,0.5,1.0,1.0,1.0,2.0,0.5,1.0,0.5,2.0,1.0,0.5,0.5,95,440,85,65,55,55,85,water,poison,2,0
211,Scizor,0.5,1.0,0.5,1.0,0.5,1.0,4.0,1.0,1.0,0.25,1.0,0.5,0.5,0.0,0.5,1.0,0.5,1.0,150,600,140,70,65,100,75,bug,steel,2,0
212,Shuckle,1.0,1.0,1.0,1.0,1.0,1.0,1.0,1.0,1.0,1.0,1.0,1.0,0.5,0.5,1.0,2.0,2.0,2.0,10,505,230,20,10,230,5,bug,rock,2,0
213,Heracross,0.5,0.5,1.0,1.0,2.0,0.5,2.0,4.0,1.0,0.5,0.5,1.0,1.0,1.0,2.0,1.0,1.0,1.0,185,600,115,80,40,105,75,bug,fighting,2,0
214,Sneasel,2.0,0.5,1.0,1.0,2.0,4.0,2.0,1.0,0.5,1.0,1.0,0.5,1.0,1.0,0.0,2.0,2.0,1.0,95,430,55,55,35,75,115,dark,ice,2,0
215,Teddiursa,1.0,1.0,1.0,1.0,1.0,2.0,1.0,1.0,0.0,1.0,1.0,1.0,1.0,1.0,1.0,1.0,1.0,1.0,80,330,50,60,50,50,40,normal,,2,0
216,Ursaring,1.0,1.0,1.0,1.0,1.0,2.0,1.0,1.0,0.0,1.0,1.0,1.0,1.0,1.0,1.0,1.0,1.0,1.0,130,500,75,90,75,75,55,normal,,2,0
217,Slugma,0.5,1.0,1.0,1.0,0.5,1.0,0.5,1.0,1.0,0.5,2.0,0.5,1.0,1.0,1.0,2.0,0.5,2.0,40,250,40,40,70,40,20,fire,,2,0
218,Magcargo,0.5,1.0,1.0,1.0,0.5,2.0,0.25,0.5,1.0,1.0,4.0,0.5,0.5,0.5,1.0,2.0,1.0,4.0,50,430,120,60,90,80,30,fire,rock,2,0
219,Swinub,1.0,1.0,1.0,0.0,1.0,2.0,2.0,1.0,1.0,2.0,1.0,1.0,1.0,0.5,1.0,1.0,2.0,2.0,50,250,40,50,30,30,50,ice,ground,2,0
220,Piloswine,1.0,1.0,1.0,0.0,1.0,2.0,2.0,1.0,1.0,2.0,1.0,1.0,1.0,0.5,1.0,1.0,2.0,2.0,100,450,80,100,60,60,50,ice,ground,2,0
221,Corsola,1.0,1.0,1.0,2.0,1.0,2.0,0.25,0.5,1.0,4.0,2.0,0.5,0.5,0.5,1.0,1.0,1.0,1.0,55,410,95,65,65,95,35,water,rock,2,0
222,Remoraid,1.0,1.0,1.0,2.0,1.0,1.0,0.5,1.0,1.0,2.0,1.0,0.5,1.0,1.0,1.0,1.0,0.5,0.5,65,300,35,35,65,35,65,water,,2,0
223,Octillery,1.0,1.0,1.0,2.0,1.0,1.0,0.5,1.0,1.0,2.0,1.0,0.5,1.0,1.0,1.0,1.0,0.5,0.5,105,480,75,75,105,75,45,water,,2,0
224,Delibird,0.5,1.0,1.0,2.0,1.0,1.0,2.0,1.0,1.0,0.5,0.0,1.0,1.0,1.0,1.0,4.0,2.0,1.0,55,330,45,45,65,45,75,ice,flying,2,0
225,Mantine,0.5,1.0,1.0,4.0,1.0,0.5,0.5,1.0,1.0,1.0,0.0,1.0,1.0,1.0,1.0,2.0,0.5,0.5,40,485,70,85,80,140,70,water,flying,2,0
226,Skarmory,0.25,1.0,0.5,2.0,0.5,1.0,2.0,0.5,1.0,0.25,0.0,1.0,0.5,0.0,0.5,1.0,0.5,1.0,80,465,140,65,40,70,70,steel,flying,2,0
227,Houndour,1.0,0.5,1.0,1.0,1.0,2.0,0.5,1.0,0.5,0.5,2.0,0.5,1.0,1.0,0.0,2.0,0.5,2.0,60,330,30,45,80,50,65,dark,fire,2,0
228,Houndoom,1.0,0.5,1.0,1.0,1.0,2.0,0.5,1.0,0.5,0.5,2.0,0.5,1.0,1.0,0.0,2.0,0.5,2.0,90,600,90,75,140,90,115,dark,fire,2,0
229,Kingdra,1.0,1.0,2.0,1.0,2.0,1.0,0.25,1.0,1.0,1.0,1.0,1.0,1.0,1.0,1.0,1.0,0.5,0.25,95,540,95,75,95,95,85,water,dragon,2,0
230,Phanpy,1.0,1.0,1.0,0.0,1.0,1.0,1.0,1.0,1.0,2.0,1.0,2.0,1.0,0.5,1.0,0.5,1.0,2.0,60,330,60,90,40,40,40,ground,,2,0
231,Donphan,1.0,1.0,1.0,0.0,1.0,1.0,1.0,1.0,1.0,2.0,1.0,2.0,1.0,0.5,1.0,0.5,1.0,2.0,120,500,120,90,60,60,50,ground,,2,0
232,Porygon2,1.0,1.0,1.0,1.0,1.0,2.0,1.0,1.0,0.0,1.0,1.0,1.0,1.0,1.0,1.0,1.0,1.0,1.0,80,515,90,85,105,95,60,normal,,2,0
233,Stantler,1.0,1.0,1.0,1.0,1.0,2.0,1.0,1.0,0.0,1.0,1.0,1.0,1.0,1.0,1.0,1.0,1.0,1.0,95,465,62,73,85,65,85,normal,,2,0
234,Smeargle,1.0,1.0,1.0,1.0,1.0,2.0,1.0,1.0,0.0,1.0,1.0,1.0,1.0,1.0,1.0,1.0,1.0,1.0,20,250,35,55,20,45,75,normal,,2,0
235,Tyrogue,0.5,0.5,1.0,1.0,2.0,1.0,1.0,2.0,1.0,1.0,1.0,1.0,1.0,1.0,2.0,0.5,1.0,1.0,35,210,35,35,35,35,35,fighting,,2,0
236,Hitmontop,0.5,0.5,1.0,1.0,2.0,1.0,1.0,2.0,1.0,1.0,1.0,1.0,1.0,1.0,2.0,0.5,1.0,1.0,95,455,95,50,35,110,70,fighting,,2,0
237,Smoochum,2.0,2.0,1.0,1.0,1.0,1.0,2.0,1.0,2.0,1.0,1.0,0.5,1.0,1.0,0.5,2.0,2.0,1.0,30,305,15,45,85,65,65,ice,psychic,2,0
238,Elekid,1.0,1.0,1.0,0.5,1.0,1.0,1.0,0.5,1.0,1.0,2.0,1.0,1.0,1.0,1.0,1.0,0.5,1.0,63,360,37,45,65,55,95,electric,,2,0
239,Magby,0.5,1.0,1.0,1.0,0.5,1.0,0.5,1.0,1.0,0.5,2.0,0.5,1.0,1.0,1.0,2.0,0.5,2.0,75,365,37,45,70,55,83,fire,,2,0
240,Miltank,1.0,1.0,1.0,1.0,1.0,2.0,1.0,1.0,0.0,1.0,1.0,1.0,1.0,1.0,1.0,1.0,1.0,1.0,80,490,105,95,40,70,100,normal,,2,0
241,Blissey,1.0,1.0,1.0,1.0,1.0,2.0,1.0,1.0,0.0,1.0,1.0,1.0,1.0,1.0,1.0,1.0,1.0,1.0,10,540,10,255,75,135,55,normal,,2,0
242,Raikou,1.0,1.0,1.0,0.5,1.0,1.0,1.0,0.5,1.0,1.0,2.0,1.0,1.0,1.0,1.0,1.0,0.5,1.0,85,580,75,90,115,100,115,electric,,2,1
243,Entei,0.5,1.0,1.0,1.0,0.5,1.0,0.5,1.0,1.0,0.5,2.0,0.5,1.0,1.0,1.0,2.0,0.5,2.0,115,580,85,115,90,75,100,fire,,2,1
244,Suicune,1.0,1.0,1.0,2.0,1.0,1.0,0.5,1.0,1.0,2.0,1.0,0.5,1.0,1.0,1.0,1.0,0.5,0.5,75,580,115,100,90,115,85,water,,2,1
245,Larvitar,1.0,1.0,1.0,0.0,1.0,2.0,0.5,0.5,1.0,4.0,2.0,2.0,0.5,0.25,1.0,0.5,2.0,4.0,64,300,50,50,45,50,41,rock,ground,2,0
246,Pupitar,1.0,1.0,1.0,0.0,1.0,2.0,0.5,0.5,1.0,4.0,2.0,2.0,0.5,0.25,1.0,0.5,2.0,4.0,84,410,70,70,65,70,51,rock,ground,2,0
247,Tyranitar,2.0,0.5,1.0,1.0,2.0,4.0,0.5,0.5,0.5,2.0,2.0,1.0,0.5,0.5,0.0,1.0,2.0,2.0,164,700,150,100,95,120,71,rock,dark,2,0
248,Lugia,1.0,2.0,1.0,2.0,1.0,0.25,1.0,1.0,2.0,0.5,0.0,2.0,1.0,1.0,0.5,2.0,1.0,1.0,90,680,130,106,90,154,110,psychic,flying,2,1
249,Ho-Oh,0.25,1.0,1.0,2.0,0.5,0.5,0.5,1.0,1.0,0.25,0.0,1.0,1.0,1.0,1.0,4.0,0.5,2.0,130,680,90,106,110,154,90,fire,flying,2,1
250,Celebi,4.0,2.0,1.0,0.5,1.0,0.5,2.0,2.0,2.0,0.5,0.5,2.0,1.0,2.0,0.5,1.0,1.0,0.5,100,600,100,100,100,100,100,psychic,grass,2,1
251,Treecko,2.0,1.0,1.0,0.5,1.0,1.0,2.0,2.0,1.0,0.5,0.5,2.0,1.0,2.0,1.0,1.0,1.0,0.5,45,310,35,40,65,55,70,grass,,3,0
252,Grovyle,2.0,1.0,1.0,0.5,1.0,1.0,2.0,2.0,1.0,0.5,0.5,2.0,1.0,2.0,1.0,1.0,1.0,0.5,65,405,45,50,85,65,95,grass,,3,0
253,Sceptile,2.0,1.0,1.0,0.5,1.0,1.0,2.0,2.0,1.0,0.5,0.5,2.0,1.0,2.0,1.0,1.0,1.0,0.5,110,630,75,70,145,85,145,grass,,3,0
254,Torchic,0.5,1.0,1.0,1.0,0.5,1.0,0.5,1.0,1.0,0.5,2.0,0.5,1.0,1.0,1.0,2.0,0.5,2.0,60,310,40,45,70,50,45,fire,,3,0
255,Combusken,0.25,0.5,1.0,1.0,1.0,1.0,0.5,2.0,1.0,0.5,2.0,0.5,1.0,1.0,2.0,1.0,0.5,2.0,85,405,60,60,85,60,55,fire,fighting,3,0
256,Blaziken,0.25,0.5,1.0,1.0,1.0,1.0,0.5,2.0,1.0,0.5,2.0,0.5,1.0,1.0,2.0,1.0,0.5,2.0,160,630,80,80,130,80,100,fire,fighting,3,0
257,Mudkip,1.0,1.0,1.0,2.0,1.0,1.0,0.5,1.0,1.0,2.0,1.0,0.5,1.0,1.0,1.0,1.0,0.5,0.5,70,310,50,50,50,50,40,water,,3,0
258,Marshtomp,1.0,1.0,1.0,0.0,1.0,1.0,0.5,1.0,1.0,4.0,1.0,1.0,1.0,0.5,1.0,0.5,0.5,1.0,85,405,70,70,60,70,50,water,ground,3,0
259,Swampert,1.0,1.0,1.0,0.0,1.0,1.0,0.5,1.0,1.0,4.0,1.0,1.0,1.0,0.5,1.0,0.5,0.5,1.0,150,635,110,100,95,110,70,water,ground,3,0
260,Poochyena,2.0,0.5,1.0,1.0,2.0,2.0,1.0,1.0,0.5,1.0,1.0,1.0,1.0,1.0,0.0,1.0,1.0,1.0,55,220,35,35,30,30,35,dark,,3,0
261,Mightyena,2.0,0.5,1.0,1.0,2.0,2.0,1.0,1.0,0.5,1.0,1.0,1.0,1.0,1.0,0.0,1.0,1.0,1.0,90,420,70,70,60,60,70,dark,,3,0
262,Zigzagoon,1.0,1.0,1.0,1.0,1.0,2.0,1.0,1.0,0.0,1.0,1.0,1.0,1.0,1.0,1.0,1.0,1.0,1.0,30,240,41,38,30,41,60,normal,,3,0
263,Linoone,1.0,1.0,1.0,1.0,1.0,2.0,1.0,1.0,0.0,1.0,1.0,1.0,1.0,1.0,1.0,1.0,1.0,1.0,70,420,61,78,50,61,100,normal,,3,0
264,Wurmple,1.0,1.0,1.0,1.0,1.0,0.5,2.0,2.0,1.0,0.5,0.5,1.0,1.0,1.0,1.0,2.0,1.0,1.0,45,195,35,45,20,30,20,bug,,3,0
265,Silcoon,1.0,1.0,1.0,1.0,1.0,0.5,2.0,2.0,1.0,0.5,0.5,1.0,1.0,1.0,1.0,2.0,1.0,1.0,35,205,55,50,25,25,15,bug,,3,0
266,Beautifly,0.5,1.0,1.0,2.0,1.0,0.25,2.0,2.0,1.0,0.25,0.0,2.0,1.0,1.0,1.0,4.0,1.0,1.0,70,395,50,60,100,50,65,bug,flying,3,0
267,Cascoon,1.0,1.0,1.0,1.0,1.0,0.5,2.0,2.0,1.0,0.5,0.5,1.0,1.0,1.0,1.0,2.0,1.0,1.0,35,205,55,50,25,25,15,bug,,3,0
268,Dustox,0.5,1.0,1.0,1.0,0.5,0.25,2.0,2.0,1.0,0.25,1.0,1.0,1.0,0.5,2.0,2.0,1.0,1.0,50,385,70,60,50,90,65,bug,poison,3,0
269,Lotad,2.0,1.0,1.0,1.0,1.0,1.0,1.0,2.0,1.0,1.0,0.5,1.0,1.0,2.0,1.0,1.0,0.5,0.25,30,220,30,40,40,50,30,water,grass,3,0
270,Lombre,2.0,1.0,1.0,1.0,1.0,1.0,1.0,2.0,1.0,1.0,0.5,1.0,1.0,2.0,1.0,1.0,0.5,0.25,50,340,50,60,60,70,50,water,grass,3,0
271,Ludicolo,2.0,1.0,1.0,1.0,1.0,1.0,1.0,2.0,1.0,1.0,0.5,1.0,1.0,2.0,1.0,1.0,0.5,0.25,70,480,70,80,90,100,70,water,grass,3,0
272,Seedot,2.0,1.0,1.0,0.5,1.0,1.0,2.0,2.0,1.0,0.5,0.5,2.0,1.0,2.0,1.0,1.0,1.0,0.5,40,220,50,40,30,30,30,grass,,3,0
273,Nuzleaf,4.0,0.5,1.0,0.5,2.0,2.0,2.0,2.0,0.5,0.5,0.5,2.0,1.0,2.0,0.0,1.0,1.0,0.5,70,340,40,70,60,40,60,grass,dark,3,0
274,Shiftry,4.0,0.5,1.0,0.5,2.0,2.0,2.0,2.0,0.5,0.5,0.5,2.0,1.0,2.0,0.0,1.0,1.0,0.5,100,480,60,90,90,60,80,grass,dark,3,0
275,Taillow,0.5,1.0,1.0,2.0,1.0,1.0,1.0,1.0,0.0,0.5,0.0,2.0,1.0,1.0,1.0,2.0,1.0,1.0,55,270,30,40,30,30,85,normal,flying,3,0
276,Swellow,0.5,1.0,1.0,2.0,1.0,1.0,1.0,1.0,0.0,0.5,0.0,2.0,1.0,1.0,1.0,2.0,1.0,1.0,85,455,60,60,75,50,125,normal,flying,3,0
277,Wingull,0.5,1.0,1.0,4.0,1.0,0.5,0.5,1.0,1.0,1.0,0.0,1.0,1.0,1.0,1.0,2.0,0.5,0.5,30,270,30,40,55,30,85,water,flying,3,0
278,Pelipper,0.5,1.0,1.0,4.0,1.0,0.5,0.5,1.0,1.0,1.0,0.0,1.0,1.0,1.0,1.0,2.0,0.5,0.5,50,440,100,60,95,70,65,water,flying,3,0
279,Ralts,1.0,1.0,0.0,1.0,1.0,0.25,1.0,1.0,2.0,1.0,1.0,1.0,1.0,2.0,0.5,1.0,2.0,1.0,25,198,25,28,45,35,40,psychic,fairy,3,0
280,Kirlia,1.0,1.0,0.0,1.0,1.0,0.25,1.0,1.0,2.0,1.0,1.0,1.0,1.0,2.0,0.5,1.0,2.0,1.0,35,278,35,38,65,55,50,psychic,fairy,3,0
281,Gardevoir,1.0,1.0,0.0,1.0,1.0,0.25,1.0,1.0,2.0,1.0,1.0,1.0,1.0,2.0,0.5,1.0,2.0,1.0,85,618,65,68,165,135,100,psychic,fairy,3,0
282,Surskit,1.0,1.0,1.0,2.0,1.0,0.5,1.0,2.0,1.0,1.0,0.5,0.5,1.0,1.0,1.0,2.0,0.5,0.5,30,269,32,40,50,52,65,bug,water,3,0
283,Masquerain,0.5,1.0,1.0,2.0,1.0,0.25,2.0,2.0,1.0,0.25,0.0,2.0,1.0,1.0,1.0,4.0,1.0,1.0,60,454,62,70,100,82,80,bug,flying,3,0
284,Shroomish,2.0,1.0,1.0,0.5,1.0,1.0,2.0,2.0,1.0,0.5,0.5,2.0,1.0,2.0,1.0,1.0,1.0,0.5,40,295,60,60,40,60,35,grass,,3,0
285,Breloom,1.0,0.5,1.0,0.5,2.0,1.0,2.0,4.0,1.0,0.5,0.5,2.0,1.0,2.0,2.0,0.5,1.0,0.5,130,460,80,60,60,60,70,grass,fighting,3,0
286,Slakoth,1.0,1.0,1.0,1.0,1.0,2.0,1.0,1.0,0.0,1.0,1.0,1.0,1.0,1.0,1.0,1.0,1.0,1.0,60,280,60,60,35,35,30,normal,,3,0
287,Vigoroth,1.0,1.0,1.0,1.0,1.0,2.0,1.0,1.0,0.0,1.0,1.0,1.0,1.0,1.0,1.0,1.0,1.0,1.0,80,440,80,80,55,55,90,normal,,3,0
288,Slaking,1.0,1.0,1.0,1.0,1.0,2.0,1.0,1.0,0.0,1.0,1.0,1.0,1.0,1.0,1.0,1.0,1.0,1.0,160,670,100,150,95,65,100,normal,,3,0
289,Nincada,1.0,1.0,1.0,0.0,1.0,0.5,2.0,2.0,1.0,1.0,0.5,2.0,1.0,0.5,1.0,1.0,1.0,2.0,45,266,90,31,30,30,40,bug,ground,3,0
290,Ninjask,0.5,1.0,1.0,2.0,1.0,0.25,2.0,2.0,1.0,0.25,0.0,2.0,1.0,1.0,1.0,4.0,1.0,1.0,90,456,45,61,50,50,160,bug,flying,3,0
291,Shedinja,0.5,2.0,1.0,1.0,1.0,0.0,2.0,2.0,2.0,0.5,0.5,1.0,0.0,0.5,1.0,2.0,1.0,1.0,90,236,45,1,30,30,40,bug,ghost,3,0
292,Whismur,1.0,1.0,1.0,1.0,1.0,2.0,1.0,1.0,0.0,1.0,1.0,1.0,1.0,1.0,1.0,1.0,1.0,1.0,51,240,23,64,51,23,28,normal,,3,0
293,Loudred,1.0,1.0,1.0,1.0,1.0,2.0,1.0,1.0,0.0,1.0,1.0,1.0,1.0,1.0,1.0,1.0,1.0,1.0,71,360,43,84,71,43,48,normal,,3,0
294,Exploud,1.0,1.0,1.0,1.0,1.0,2.0,1.0,1.0,0.0,1.0,1.0,1.0,1.0,1.0,1.0,1.0,1.0,1.0,91,490,63,104,91,73,68,normal,,3,0
295,Makuhita,0.5,0.5,1.0,1.0,2.0,1.0,1.0,2.0,1.0,1.0,1.0,1.0,1.0,1.0,2.0,0.5,1.0,1.0,60,237,30,72,20,30,25,fighting,,3,0
296,Hariyama,0.5,0.5,1.0,1.0,2.0,1.0,1.0,2.0,1.0,1.0,1.0,1.0,1.0,1.0,2.0,0.5,1.0,1.0,120,474,60,144,40,60,50,fighting,,3,0
297,Azurill,0.5,0.5,0.0,1.0,1.0,1.0,1.0,1.0,0.0,1.0,1.0,1.0,1.0,2.0,1.0,1.0,2.0,1.0,20,190,40,50,20,40,20,normal,fairy,3,0
298,Nosepass,1.0,1.0,1.0,1.0,1.0,2.0,0.5,0.5,1.0,2.0,2.0,1.0,0.5,0.5,1.0,1.0,2.0,2.0,45,375,135,30,45,90,30,rock,,3,0
299,Skitty,1.0,1.0,1.0,1.0,1.0,2.0,1.0,1.0,0.0,1.0,1.0,1.0,1.0,1.0,1.0,1.0,1.0,1.0,45,260,45,50,35,35,50,normal,,3,0
300,Delcatty,1.0,1.0,1.0,1.0,1.0,2.0,1.0,1.0,0.0,1.0,1.0,1.0,1.0,1.0,1.0,1.0,1.0,1.0,65,400,65,70,55,55,90,normal,,3,0
301,Sableye,1.0,1.0,1.0,1.0,2.0,0.0,1.0,1.0,1.0,1.0,1.0,1.0,0.0,0.5,0.0,1.0,1.0,1.0,85,480,125,50,85,115,20,dark,ghost,3,0
302,Mawile,0.25,0.5,0.0,1.0,0.5,1.0,2.0,0.5,1.0,0.5,2.0,0.5,0.5,0.0,0.5,0.5,1.0,1.0,105,480,125,50,55,95,50,steel,fairy,3,0
303,Aron,0.5,1.0,0.5,1.0,0.5,4.0,1.0,0.25,1.0,1.0,4.0,0.5,0.25,0.0,0.5,0.5,1.0,2.0,70,330,100,50,40,40,30,steel,rock,3,0
304,Lairon,0.5,1.0,0.5,1.0,0.5,4.0,1.0,0.25,1.0,1.0,4.0,0.5,0.25,0.0,0.5,0.5,1.0,2.0,90,430,140,60,50,50,40,steel,rock,3,0
305,Aggron,0.5,1.0,0.5,1.0,0.5,4.0,1.0,0.25,1.0,1.0,4.0,0.5,0.25,0.0,0.5,0.5,1.0,2.0,140,630,230,70,60,80,50,steel,rock,3,0
306,Meditite,1.0,1.0,1.0,1.0,2.0,0.5,1.0,2.0,2.0,1.0,1.0,1.0,1.0,1.0,1.0,0.5,1.0,1.0,40,280,55,30,40,55,60,fighting,psychic,3,0
307,Medicham,1.0,1.0,1.0,1.0,2.0,0.5,1.0,2.0,2.0,1.0,1.0,1.0,1.0,1.0,1.0,0.5,1.0,1.0,100,510,85,60,80,85,100,fighting,psychic,3,0
308,Electrike,1.0,1.0,1.0,0.5,1.0,1.0,1.0,0.5,1.0,1.0,2.0,1.0,1.0,1.0,1.0,1.0,0.5,1.0,45,295,40,40,65,40,65,electric,,3,0
309,Manectric,1.0,1.0,1.0,0.5,1.0,1.0,1.0,0.5,1.0,1.0,2.0,1.0,1.0,1.0,1.0,1.0,0.5,1.0,75,575,80,70,135,80,135,electric,,3,0
310,Plusle,1.0,1.0,1.0,0.5,1.0,1.0,1.0,0.5,1.0,1.0,2.0,1.0,1.0,1.0,1.0,1.0,0.5,1.0,50,405,40,60,85,75,95,electric,,3,0
311,Minun,1.0,1.0,1.0,0.5,1.0,1.0,1.0,0.5,1.0,1.0,2.0,1.0,1.0,1.0,1.0,1.0,0.5,1.0,40,405,50,60,75,85,95,electric,,3,0
312,Volbeat,1.0,1.0,1.0,1.0,1.0,0.5,2.0,2.0,1.0,0.5,0.5,1.0,1.0,1.0,1.0,2.0,1.0,1.0,73,430,75,65,47,85,85,bug,,3,0
313,Illumise,1.0,1.0,1.0,1.0,1.0,0.5,2.0,2.0,1.0,0.5,0.5,1.0,1.0,1.0,1.0,2.0,1.0,1.0,47,430,75,65,73,85,85,bug,,3,0
314,Roselia,1.0,1.0,1.0,0.5,0.5,0.5,2.0,2.0,1.0,0.25,1.0,2.0,1.0,1.0,2.0,1.0,1.0,0.5,60,400,45,50,100,80,65,grass,poison,3,0
315,Gulpin,0.5,1.0,1.0,1.0,0.5,0.5,1.0,1.0,1.0,0.5,2.0,1.0,1.0,0.5,2.0,1.0,1.0,1.0,43,302,53,70,43,53,40,poison,,3,0
316,Swalot,0.5,1.0,1.0,1.0,0.5,0.5,1.0,1.0,1.0,0.5,2.0,1.0,1.0,0.5,2.0,1.0,1.0,1.0,73,467,83,100,73,83,55,poison,,3,0
317,Carvanha,2.0,0.5,1.0,2.0,2.0,2.0,0.5,1.0,0.5,2.0,1.0,0.5,1.0,1.0,0.0,1.0,0.5,0.5,90,305,20,45,65,20,65,water,dark,3,0
318,Sharpedo,2.0,0.5,1.0,2.0,2.0,2.0,0.5,1.0,0.5,2.0,1.0,0.5,1.0,1.0,0.0,1.0,0.5,0.5,140,560,70,70,110,65,105,water,dark,3,0
319,Wailmer,1.0,1.0,1.0,2.0,1.0,1.0,0.5,1.0,1.0,2.0,1.0,0.5,1.0,1.0,1.0,1.0,0.5,0.5,70,400,35,130,70,35,60,water,,3,0
320,Wailord,1.0,1.0,1.0,2.0,1.0,1.0,0.5,1.0,1.0,2.0,1.0,0.5,1.0,1.0,1.0,1.0,0.5,0.5,90,500,45,170,90,45,60,water,,3,0
321,Numel,0.5,1.0,1.0,0.0,0.5,1.0,0.5,1.0,1.0,1.0,2.0,1.0,1.0,0.5,1.0,1.0,0.5,4.0,60,305,40,60,65,45,35,fire,ground,3,0
322,Camerupt,0.5,1.0,1.0,0.0,0.5,1.0,0.5,1.0,1.0,1.0,2.0,1.0,1.0,0.5,1.0,1.0,0.5,4.0,120,560,100,70,145,105,20,fire,ground,3,0
323,Torkoal,0.5,1.0,1.0,1.0,0.5,1.0,0.5,1.0,1.0,0.5,2.0,0.5,1.0,1.0,1.0,2.0,0.5,2.0,85,470,140,70,85,70,20,fire,,3,0
324,Spoink,2.0,2.0,1.0,1.0,1.0,0.5,1.0,1.0,2.0,1.0,1.0,1.0,1.0,1.0,0.5,1.0,1.0,1.0,25,330,35,60,70,80,60,psychic,,3,0
325,Grumpig,2.0,2.0,1.0,1.0,1.0,0.5,1.0,1.0,2.0,1.0,1.0,1.0,1.0,1.0,0.5,1.0,1.0,1.0,45,470,65,80,90,110,80,psychic,,3,0
326,Spinda,1.0,1.0,1.0,1.0,1.0,2.0,1.0,1.0,0.0,1.0,1.0,1.0,1.0,1.0,1.0,1.0,1.0,1.0,60,360,60,60,60,60,60,normal,,3,0
327,Trapinch,1.0,1.0,1.0,0.0,1.0,1.0,1.0,1.0,1.0,2.0,1.0,2.0,1.0,0.5,1.0,0.5,1.0,2.0,100,290,45,45,45,45,10,ground,,3,0
328,Vibrava,1.0,1.0,2.0,0.0,2.0,1.0,0.5,1.0,1.0,1.0,1.0,4.0,1.0,0.5,1.0,0.5,1.0,1.0,70,340,50,50,50,50,70,ground,dragon,3,0
329,Flygon,1.0,1.0,2.0,0.0,2.0,1.0,0.5,1.0,1.0,1.0,1.0,4.0,1.0,0.5,1.0,0.5,1.0,1.0,100,520,80,80,80,80,100,ground,dragon,3,0
330,Cacnea,2.0,1.0,1.0,0.5,1.0,1.0,2.0,2.0,1.0,0.5,0.5,2.0,1.0,2.0,1.0,1.0,1.0,0.5,85,335,40,50,85,40,35,grass,,3,0
331,Cacturne,4.0,0.5,1.0,0.5,2.0,2.0,2.0,2.0,0.5,0.5,0.5,2.0,1.0,2.0,0.0,1.0,1.0,0.5,115,475,60,70,115,60,55,grass,dark,3,0
332,Swablu,0.5,1.0,1.0,2.0,1.0,1.0,1.0,1.0,0.0,0.5,0.0,2.0,1.0,1.0,1.0,2.0,1.0,1.0,40,310,60,45,40,75,50,normal,flying,3,0
333,Altaria,0.5,1.0,2.0,1.0,2.0,0.5,0.5,1.0,1.0,0.25,0.0,4.0,1.0,1.0,1.0,2.0,1.0,0.5,110,590,110,75,110,105,80,dragon,flying,3,0
334,Zangoose,1.0,1.0,1.0,1.0,1.0,2.0,1.0,1.0,0.0,1.0,1.0,1.0,1.0,1.0,1.0,1.0,1.0,1.0,115,458,60,73,60,60,90,normal,,3,0
335,Seviper,0.5,1.0,1.0,1.0,0.5,0.5,1.0,1.0,1.0,0.5,2.0,1.0,1.0,0.5,2.0,1.0,1.0,1.0,100,458,60,73,100,60,65,poison,,3,0
336,Lunatone,2.0,2.0,1.0,1.0,1.0,1.0,0.5,0.5,2.0,2.0,2.0,1.0,0.5,0.5,0.5,1.0,2.0,2.0,55,460,65,90,95,85,70,rock,psychic,3,0
337,Solrock,2.0,2.0,1.0,1.0,1.0,1.0,0.5,0.5,2.0,2.0,2.0,1.0,0.5,0.5,0.5,1.0,2.0,2.0,95,460,85,90,55,65,70,rock,psychic,3,0
338,Barboach,1.0,1.0,1.0,0.0,1.0,1.0,0.5,1.0,1.0,4.0,1.0,1.0,1.0,0.5,1.0,0.5,0.5,1.0,48,288,43,50,46,41,60,water,ground,3,0
339,Whiscash,1.0,1.0,1.0,0.0,1.0,1.0,0.5,1.0,1.0,4.0,1.0,1.0,1.0,0.5,1.0,0.5,0.5,1.0,78,468,73,110,76,71,60,water,ground,3,0
340,Corphish,1.0,1.0,1.0,2.0,1.0,1.0,0.5,1.0,1.0,2.0,1.0,0.5,1.0,1.0,1.0,1.0,0.5,0.5,80,308,65,43,50,35,35,water,,3,0
341,Crawdaunt,2.0,0.5,1.0,2.0,2.0,2.0,0.5,1.0,0.5,2.0,1.0,0.5,1.0,1.0,0.0,1.0,0.5,0.5,120,468,85,63,90,55,55,water,dark,3,0
342,Baltoy,2.0,2.0,1.0,0.0,1.0,0.5,1.0,1.0,2.0,2.0,1.0,2.0,1.0,0.5,0.5,0.5,1.0,2.0,40,300,55,40,40,70,55,ground,psychic,3,0
343,Claydol,2.0,2.0,1.0,0.0,1.0,0.5,1.0,1.0,2.0,2.0,1.0,2.0,1.0,0.5,0.5,0.5,1.0,2.0,70,500,105,60,70,120,75,ground,psychic,3,0
344,Lileep,2.0,1.0,1.0,0.5,1.0,2.0,1.0,1.0,1.0,1.0,1.0,2.0,0.5,1.0,1.0,1.0,2.0,1.0,41,355,77,66,61,87,23,rock,grass,3,0
345,Cradily,2.0,1.0,1.0,0.5,1.0,2.0,1.0,1.0,1.0,1.0,1.0,2.0,0.5,1.0,1.0,1.0,2.0,1.0,81,495,97,86,81,107,43,rock,grass,3,0
346,Anorith,1.0,1.0,1.0,1.0,1.0,1.0,1.0,1.0,1.0,1.0,1.0,1.0,0.5,0.5,1.0,2.0,2.0,2.0,95,355,50,45,40,50,75,rock,bug,3,0
347,Armaldo,1.0,1.0,1.0,1.0,1.0,1.0,1.0,1.0,1.0,1.0,1.0,1.0,0.5,0.5,1.0,2.0,2.0,2.0,125,495,100,75,70,80,45,rock,bug,3,0
348,Feebas,1.0,1.0,1.0,2.0,1.0,1.0,0.5,1.0,1.0,2.0,1.0,0.5,1.0,1.0,1.0,1.0,0.5,0.5,15,200,20,20,10,55,80,water,,3,0
349,Milotic,1.0,1.0,1.0,2.0,1.0,1.0,0.5,1.0,1.0,2.0,1.0,0.5,1.0,1.0,1.0,1.0,0.5,0.5,60,540,79,95,100,125,81,water,,3,0
350,Castform,1.0,1.0,1.0,1.0,1.0,2.0,1.0,1.0,0.0,1.0,1.0,1.0,1.0,1.0,1.0,1.0,1.0,1.0,70,420,70,70,70,70,70,normal,,3,0
351,Kecleon,1.0,1.0,1.0,1.0,1.0,2.0,1.0,1.0,0.0,1.0,1.0,1.0,1.0,1.0,1.0,1.0,1.0,1.0,90,440,70,60,60,120,40,normal,,3,0
352,Shuppet,0.5,2.0,1.0,1.0,1.0,0.0,1.0,1.0,2.0,1.0,1.0,1.0,0.0,0.5,1.0,1.0,1.0,1.0,75,295,35,44,63,33,45,ghost,,3,0
353,Banette,0.5,2.0,1.0,1.0,1.0,0.0,1.0,1.0,2.0,1.0,1.0,1.0,0.0,0.5,1.0,1.0,1.0,1.0,165,555,75,64,93,83,75,ghost,,3,0
354,Duskull,0.5,2.0,1.0,1.0,1.0,0.0,1.0,1.0,2.0,1.0,1.0,1.0,0.0,0.5,1.0,1.0,1.0,1.0,40,295,90,20,30,90,25,ghost,,3,0
355,Dusclops,0.5,2.0,1.0,1.0,1.0,0.0,1.0,1.0,2.0,1.0,1.0,1.0,0.0,0.5,1.0,1.0,1.0,1.0,70,455,130,40,60,130,25,ghost,,3,0
356,Tropius,1.0,1.0,1.0,1.0,1.0,0.5,2.0,2.0,1.0,0.25,0.0,4.0,1.0,2.0,1.0,2.0,1.0,0.5,68,460,83,99,72,87,51,grass,flying,3,0
357,Chimecho,2.0,2.0,1.0,1.0,1.0,0.5,1.0,1.0,2.0,1.0,1.0,1.0,1.0,1.0,0.5,1.0,1.0,1.0,50,455,80,75,95,90,65,psychic,,3,0
358,Absol,2.0,0.5,1.0,1.0,2.0,2.0,1.0,1.0,0.5,1.0,1.0,1.0,1.0,1.0,0.0,1.0,1.0,1.0,150,565,60,65,115,60,115,dark,,3,0
359,Wynaut,2.0,2.0,1.0,1.0,1.0,0.5,1.0,1.0,2.0,1.0,1.0,1.0,1.0,1.0,0.5,1.0,1.0,1.0,23,260,48,95,23,48,23,psychic,,3,0
360,Snorunt,1.0,1.0,1.0,1.0,1.0,2.0,2.0,1.0,1.0,1.0,1.0,0.5,1.0,1.0,1.0,2.0,2.0,1.0,50,300,50,50,50,50,50,ice,,3,0
361,Glalie,1.0,1.0,1.0,1.0,1.0,2.0,2.0,1.0,1.0,1.0,1.0,0.5,1.0,1.0,1.0,2.0,2.0,1.0,120,580,80,80,120,80,100,ice,,3,0
362,Spheal,1.0,1.0,1.0,2.0,1.0,2.0,1.0,1.0,1.0,2.0,1.0,0.25,1.0,1.0,1.0,2.0,1.0,0.5,40,290,50,70,55,50,25,ice,water,3,0
363,Sealeo,1.0,1.0,1.0,2.0,1.0,2.0,1.0,1.0,1.0,2.0,1.0,0.25,1.0,1.0,1.0,2.0,1.0,0.5,60,410,70,90,75,70,45,ice,water,3,0
364,Walrein,1.0,1.0,1.0,2.0,1.0,2.0,1.0,1.0,1.0,2.0,1.0,0.25,1.0,1.0,1.0,2.0,1.0,0.5,80,530,90,110,95,90,65,ice,water,3,0
365,Clamperl,1.0,1.0,1.0,2.0,1.0,1.0,0.5,1.0,1.0,2.0,1.0,0.5,1.0,1.0,1.0,1.0,0.5,0.5,64,345,85,35,74,55,32,water,,3,0
366,Huntail,1.0,1.0,1.0,2.0,1.0,1.0,0.5,1.0,1.0,2.0,1.0,0.5,1.0,1.0,1.0,1.0,0.5,0.5,104,485,105,55,94,75,52,water,,3,0
367,Gorebyss,1.0,1.0,1.0,2.0,1.0,1.0,0.5,1.0,1.0,2.0,1.0,0.5,1.0,1.0,1.0,1.0,0.5,0.5,84,485,105,55,114,75,52,water,,3,0
368,Relicanth,1.0,1.0,1.0,2.0,1.0,2.0,0.25,0.5,1.0,4.0,2.0,0.5,0.5,0.5,1.0,1.0,1.0,1.0,90,485,130,100,45,65,55,water,rock,3,0
369,Luvdisc,1.0,1.0,1.0,2.0,1.0,1.0,0.5,1.0,1.0,2.0,1.0,0.5,1.0,1.0,1.0,1.0,0.5,0.5,30,330,55,43,40,65,97,water,,3,0
370,Bagon,1.0,1.0,2.0,0.5,2.0,1.0,0.5,1.0,1.0,0.5,1.0,2.0,1.0,1.0,1.0,1.0,1.0,0.5,75,300,60,45,40,30,50,dragon,,3,0
371,Shelgon,1.0,1.0,2.0,0.5,2.0,1.0,0.5,1.0,1.0,0.5,1.0,2.0,1.0,1.0,1.0,1.0,1.0,0.5,95,420,100,65,60,50,50,dragon,,3,0
372,Salamence,0.5,1.0,2.0,1.0,2.0,0.5,0.5,1.0,1.0,0.25,0.0,4.0,1.0,1.0,1.0,2.0,1.0,0.5,145,700,130,95,120,90,120,dragon,flying,3,0
373,Beldum,1.0,2.0,0.5,1.0,0.5,1.0,2.0,0.5,2.0,0.5,2.0,0.5,0.5,0.0,0.25,0.5,0.5,1.0,55,300,80,40,35,60,30,steel,psychic,3,0
374,Metang,1.0,2.0,0.5,1.0,0.5,1.0,2.0,0.5,2.0,0.5,2.0,0.5,0.5,0.0,0.25,0.5,0.5,1.0,75,420,100,60,55,80,50,steel,psychic,3,0
375,Metagross,1.0,2.0,0.5,1.0,0.5,1.0,2.0,0.5,2.0,0.5,2.0,0.5,0.5,0.0,0.25,0.5,0.5,1.0,145,700,150,80,105,110,110,steel,psychic,3,0
376,Regirock,1.0,1.0,1.0,1.0,1.0,2.0,0.5,0.5,1.0,2.0,2.0,1.0,0.5,0.5,1.0,1.0,2.0,2.0,100,580,200,80,50,100,50,rock,,3,1
377,Regice,1.0,1.0,1.0,1.0,1.0,2.0,2.0,1.0,1.0,1.0,1.0,0.5,1.0,1.0,1.0,2.0,2.0,1.0,50,580,100,80,100,200,50,ice,,3,1
378,Registeel,0.5,1.0,0.5,1.0,0.5,2.0,2.0,0.5,1.0,0.5,2.0,0.5,0.5,0.0,0.5,0.5,0.5,1.0,75,580,150,80,75,150,50,steel,,3,1
379,Latias,2.0,2.0,2.0,0.5,2.0,0.5,0.5,1.0,2.0,0.5,1.0,2.0,1.0,1.0,0.5,1.0,1.0,0.5,100,700,120,80,140,150,110,dragon,psychic,3,1
380,Latios,2.0,2.0,2.0,0.5,2.0,0.5,0.5,1.0,2.0,0.5,1.0,2.0,1.0,1.0,0.5,1.0,1.0,0.5,130,700,100,80,160,120,110,dragon,psychic,3,1
381,Kyogre,1.0,1.0,1.0,2.0,1.0,1.0,0.5,1.0,1.0,2.0,1.0,0.5,1.0,1.0,1.0,1.0,0.5,0.5,150,770,90,100,180,160,90,water,,3,1
382,Groudon,1.0,1.0,1.0,0.0,1.0,1.0,1.0,1.0,1.0,2.0,1.0,2.0,1.0,0.5,1.0,0.5,1.0,2.0,180,770,160,100,150,90,90,ground,,3,1
383,Rayquaza,0.5,1.0,2.0,1.0,2.0,0.5,0.5,1.0,1.0,0.25,0.0,4.0,1.0,1.0,1.0,2.0,1.0,0.5,180,780,100,105,180,100,115,dragon,flying,3,1
384,Jirachi,1.0,2.0,0.5,1.0,0.5,1.0,2.0,0.5,2.0,0.5,2.0,0.5,0.5,0.0,0.25,0.5,0.5,1.0,100,600,100,100,100,100,100,steel,psychic,3,1
385,Deoxys,2.0,2.0,1.0,1.0,1.0,0.5,1.0,1.0,2.0,1.0,1.0,1.0,1.0,1.0,0.5,1.0,1.0,1.0,95,600,90,50,95,90,180,psychic,,3,1
386,Turtwig,2.0,1.0,1.0,0.5,1.0,1.0,2.0,2.0,1.0,0.5,0.5,2.0,1.0,2.0,1.0,1.0,1.0,0.5,68,318,64,55,45,55,31,grass,,4,0
387,Grotle,2.0,1.0,1.0,0.5,1.0,1.0,2.0,2.0,1.0,0.5,0.5,2.0,1.0,2.0,1.0,1.0,1.0,0.5,89,405,85,75,55,65,36,grass,,4,0
388,Torterra,2.0,1.0,1.0,0.0,1.0,1.0,2.0,2.0,1.0,1.0,0.5,4.0,1.0,1.0,1.0,0.5,1.0,1.0,109,525,105,95,75,85,56,grass,ground,4,0
389,Chimchar,0.5,1.0,1.0,1.0,0.5,1.0,0.5,1.0,1.0,0.5,2.0,0.5,1.0,1.0,1.0,2.0,0.5,2.0,58,309,44,44,58,44,61,fire,,4,0
390,Monferno,0.25,0.5,1.0,1.0,1.0,1.0,0.5,2.0,1.0,0.5,2.0,0.5,1.0,1.0,2.0,1.0,0.5,2.0,78,405,52,64,78,52,81,fire,fighting,4,0
391,Infernape,0.25,0.5,1.0,1.0,1.0,1.0,0.5,2.0,1.0,0.5,2.0,0.5,1.0,1.0,2.0,1.0,0.5,2.0,104,534,71,76,104,71,108,fire,fighting,4,0
392,Piplup,1.0,1.0,1.0,2.0,1.0,1.0,0.5,1.0,1.0,2.0,1.0,0.5,1.0,1.0,1.0,1.0,0.5,0.5,51,314,53,53,61,56,40,water,,4,0
393,Prinplup,1.0,1.0,1.0,2.0,1.0,1.0,0.5,1.0,1.0,2.0,1.0,0.5,1.0,1.0,1.0,1.0,0.5,0.5,66,405,68,64,81,76,50,water,,4,0
394,Empoleon,0.5,1.0,0.5,2.0,0.5,2.0,1.0,0.5,1.0,1.0,2.0,0.25,0.5,0.0,0.5,0.5,0.25,0.5,86,530,88,84,111,101,60,water,steel,4,0
395,Starly,0.5,1.0,1.0,2.0,1.0,1.0,1.0,1.0,0.0,0.5,0.0,2.0,1.0,1.0,1.0,2.0,1.0,1.0,55,245,30,40,30,30,60,normal,flying,4,0
396,Staravia,0.5,1.0,1.0,2.0,1.0,1.0,1.0,1.0,0.0,0.5,0.0,2.0,1.0,1.0,1.0,2.0,1.0,1.0,75,340,50,55,40,40,80,normal,flying,4,0
397,Staraptor,0.5,1.0,1.0,2.0,1.0,1.0,1.0,1.0,0.0,0.5,0.0,2.0,1.0,1.0,1.0,2.0,1.0,1.0,120,485,70,85,50,60,100,normal,flying,4,0
398,Bidoof,1.0,1.0,1.0,1.0,1.0,2.0,1.0,1.0,0.0,1.0,1.0,1.0,1.0,1.0,1.0,1.0,1.0,1.0,45,250,40,59,35,40,31,normal,,4,0
399,Bibarel,1.0,1.0,1.0,2.0,1.0,2.0,0.5,1.0,0.0,2.0,1.0,0.5,1.0,1.0,1.0,1.0,0.5,0.5,85,410,60,79,55,60,71,normal,water,4,0
400,Kricketot,1.0,1.0,1.0,1.0,1.0,0.5,2.0,2.0,1.0,0.5,0.5,1.0,1.0,1.0,1.0,2.0,1.0,1.0,25,194,41,37,25,41,25,bug,,4,0
401,Kricketune,1.0,1.0,1.0,1.0,1.0,0.5,2.0,2.0,1.0,0.5,0.5,1.0,1.0,1.0,1.0,2.0,1.0,1.0,85,384,51,77,55,51,65,bug,,4,0
402,Shinx,1.0,1.0,1.0,0.5,1.0,1.0,1.0,0.5,1.0,1.0,2.0,1.0,1.0,1.0,1.0,1.0,0.5,1.0,65,263,34,45,40,34,45,electric,,4,0
403,Luxio,1.0,1.0,1.0,0.5,1.0,1.0,1.0,0.5,1.0,1.0,2.0,1.0,1.0,1.0,1.0,1.0,0.5,1.0,85,363,49,60,60,49,60,electric,,4,0
404,Luxray,1.0,1.0,1.0,0.5,1.0,1.0,1.0,0.5,1.0,1.0,2.0,1.0,1.0,1.0,1.0,1.0,0.5,1.0,120,523,79,80,95,79,70,electric,,4,0
405,Budew,1.0,1.0,1.0,0.5,0.5,0.5,2.0,2.0,1.0,0.25,1.0,2.0,1.0,1.0,2.0,1.0,1.0,0.5,30,280,35,40,50,70,55,grass,poison,4,0
406,Roserade,1.0,1.0,1.0,0.5,0.5,0.5,2.0,2.0,1.0,0.25,1.0,2.0,1.0,1.0,2.0,1.0,1.0,0.5,70,515,65,60,125,105,90,grass,poison,4,0
407,Cranidos,1.0,1.0,1.0,1.0,1.0,2.0,0.5,0.5,1.0,2.0,2.0,1.0,0.5,0.5,1.0,1.0,2.0,2.0,125,350,40,67,30,30,58,rock,,4,0
408,Rampardos,1.0,1.0,1.0,1.0,1.0,2.0,0.5,0.5,1.0,2.0,2.0,1.0,0.5,0.5,1.0,1.0,2.0,2.0,165,495,60,97,65,50,58,rock,,4,0
409,Shieldon,0.5,1.0,0.5,1.0,0.5,4.0,1.0,0.25,1.0,1.0,4.0,0.5,0.25,0.0,0.5,0.5,1.0,2.0,42,350,118,30,42,88,30,rock,steel,4,0
410,Bastiodon,0.5,1.0,0.5,1.0,0.5,4.0,1.0,0.25,1.0,1.0,4.0,0.5,0.25,0.0,0.5,0.5,1.0,2.0,52,495,168,60,47,138,30,rock,steel,4,0
411,Burmy,1.0,1.0,1.0,1.0,1.0,0.5,2.0,2.0,1.0,0.5,0.5,1.0,1.0,1.0,1.0,2.0,1.0,1.0,29,224,45,40,29,45,36,bug,,4,0
412,Wormadam,2.0,1.0,1.0,0.5,1.0,0.5,4.0,4.0,1.0,0.25,0.25,2.0,1.0,2.0,1.0,2.0,1.0,0.5,69,424,95,60,69,95,36,bug,grass,4,0
413,Mothim,0.5,1.0,1.0,2.0,1.0,0.25,2.0,2.0,1.0,0.25,0.0,2.0,1.0,1.0,1.0,4.0,1.0,1.0,94,424,50,70,94,50,66,bug,flying,4,0
414,Combee,0.5,1.0,1.0,2.0,1.0,0.25,2.0,2.0,1.0,0.25,0.0,2.0,1.0,1.0,1.0,4.0,1.0,1.0,30,244,42,30,30,42,70,bug,flying,4,0
415,Vespiquen,0.5,1.0,1.0,2.0,1.0,0.25,2.0,2.0,1.0,0.25,0.0,2.0,1.0,1.0,1.0,4.0,1.0,1.0,80,474,102,70,80,102,40,bug,flying,4,0
416,Pachirisu,1.0,1.0,1.0,0.5,1.0,1.0,1.0,0.5,1.0,1.0,2.0,1.0,1.0,1.0,1.0,1.0,0.5,1.0,45,405,70,60,45,90,95,electric,,4,0
417,Buizel,1.0,1.0,1.0,2.0,1.0,1.0,0.5,1.0,1.0,2.0,1.0,0.5,1.0,1.0,1.0,1.0,0.5,0.5,65,330,35,55,60,30,85,water,,4,0
418,Floatzel,1.0,1.0,1.0,2.0,1.0,1.0,0.5,1.0,1.0,2.0,1.0,0.5,1.0,1.0,1.0,1.0,0.5,0.5,105,495,55,85,85,50,115,water,,4,0
419,Cherubi,2.0,1.0,1.0,0.5,1.0,1.0,2.0,2.0,1.0,0.5,0.5,2.0,1.0,2.0,1.0,1.0,1.0,0.5,35,275,45,45,62,53,35,grass,,4,0
420,Cherrim,2.0,1.0,1.0,0.5,1.0,1.0,2.0,2.0,1.0,0.5,0.5,2.0,1.0,2.0,1.0,1.0,1.0,0.5,60,450,70,70,87,78,85,grass,,4,0
421,Shellos,1.0,1.0,1.0,2.0,1.0,1.0,0.5,1.0,1.0,2.0,1.0,0.5,1.0,1.0,1.0,1.0,0.5,0.5,48,325,48,76,57,62,34,water,,4,0
422,Gastrodon,1.0,1.0,1.0,0.0,1.0,1.0,0.5,1.0,1.0,4.0,1.0,1.0,1.0,0.5,1.0,0.5,0.5,1.0,83,475,68,111,92,82,39,water,ground,4,0
423,Ambipom,1.0,1.0,1.0,1.0,1.0,2.0,1.0,1.0,0.0,1.0,1.0,1.0,1.0,1.0,1.0,1.0,1.0,1.0,100,482,66,75,60,66,115,normal,,4,0
424,Drifloon,0.25,2.0,1.0,2.0,1.0,0.0,1.0,1.0,2.0,0.5,0.0,2.0,0.0,0.5,1.0,2.0,1.0,1.0,50,348,34,90,60,44,70,ghost,flying,4,0
425,Drifblim,0.25,2.0,1.0,2.0,1.0,0.0,1.0,1.0,2.0,0.5,0.0,2.0,0.0,0.5,1.0,2.0,1.0,1.0,80,498,44,150,90,54,80,ghost,flying,4,0
426,Buneary,1.0,1.0,1.0,1.0,1.0,2.0,1.0,1.0,0.0,1.0,1.0,1.0,1.0,1.0,1.0,1.0,1.0,1.0,66,350,44,55,44,56,85,normal,,4,0
427,Lopunny,1.0,1.0,1.0,1.0,1.0,2.0,1.0,1.0,0.0,1.0,1.0,1.0,1.0,1.0,1.0,1.0,1.0,1.0,136,580,94,65,54,96,135,normal,,4,0
428,Mismagius,0.5,2.0,1.0,1.0,1.0,0.0,1.0,1.0,2.0,1.0,1.0,1.0,0.0,0.5,1.0,1.0,1.0,1.0,60,495,60,60,105,105,105,ghost,,4,0
429,Honchkrow,1.0,0.5,1.0,2.0,2.0,1.0,1.0,1.0,0.5,0.5,0.0,2.0,1.0,1.0,0.0,2.0,1.0,1.0,125,505,52,100,105,52,71,dark,flying,4,0
430,Glameow,1.0,1.0,1.0,1.0,1.0,2.0,1.0,1.0,0.0,1.0,1.0,1.0,1.0,1.0,1.0,1.0,1.0,1.0,55,310,42,49,42,37,85,normal,,4,0
431,Purugly,1.0,1.0,1.0,1.0,1.0,2.0,1.0,1.0,0.0,1.0,1.0,1.0,1.0,1.0,1.0,1.0,1.0,1.0,82,452,64,71,64,59,112,normal,,4,0
432,Chingling,2.0,2.0,1.0,1.0,1.0,0.5,1.0,1.0,2.0,1.0,1.0,1.0,1.0,1.0,0.5,1.0,1.0,1.0,30,285,50,45,65,50,45,psychic,,4,0
433,Stunky,1.0,0.5,1.0,1.0,1.0,1.0,1.0,1.0,0.5,0.5,2.0,1.0,1.0,0.5,0.0,1.0,1.0,1.0,63,329,47,63,41,41,74,poison,dark,4,0
434,Skuntank,1.0,0.5,1.0,1.0,1.0,1.0,1.0,1.0,0.5,0.5,2.0,1.0,1.0,0.5,0.0,1.0,1.0,1.0,93,479,67,103,71,61,84,poison,dark,4,0
435,Bronzor,1.0,2.0,0.5,1.0,0.5,1.0,2.0,0.5,2.0,0.5,2.0,0.5,0.5,0.0,0.25,0.5,0.5,1.0,24,300,86,57,24,86,23,steel,psychic,4,0
436,Bronzong,1.0,2.0,0.5,1.0,0.5,1.0,2.0,0.5,2.0,0.5,2.0,0.5,0.5,0.0,0.25,0.5,0.5,1.0,89,500,116,67,79,116,33,steel,psychic,4,0
437,Bonsly,1.0,1.0,1.0,1.0,1.0,2.0,0.5,0.5,1.0,2.0,2.0,1.0,0.5,0.5,1.0,1.0,2.0,2.0,80,290,95,50,10,45,10,rock,,4,0
438,Mime Jr.,1.0,1.0,0.0,1.0,1.0,0.25,1.0,1.0,2.0,1.0,1.0,1.0,1.0,2.0,0.5,1.0,2.0,1.0,25,310,45,20,70,90,60,psychic,fairy,4,0
439,Happiny,1.0,1.0,1.0,1.0,1.0,2.0,1.0,1.0,0.0,1.0,1.0,1.0,1.0,1.0,1.0,1.0,1.0,1.0,5,220,5,100,15,65,30,normal,,4,0
440,Chatot,0.5,1.0,1.0,2.0,1.0,1.0,1.0,1.0,0.0,0.5,0.0,2.0,1.0,1.0,1.0,2.0,1.0,1.0,65,411,45,76,92,42,91,normal,flying,4,0
441,Spiritomb,1.0,1.0,1.0,1.0,2.0,0.0,1.0,1.0,1.0,1.0,1.0,1.0,0.0,0.5,0.0,1.0,1.0,1.0,92,485,108,50,92,108,35,ghost,dark,4,0
442,Gible,1.0,1.0,2.0,0.0,2.0,1.0,0.5,1.0,1.0,1.0,1.0,4.0,1.0,0.5,1.0,0.5,1.0,1.0,70,300,45,58,40,45,42,dragon,ground,4,0
443,Gabite,1.0,1.0,2.0,0.0,2.0,1.0,0.5,1.0,1.0,1.0,1.0,4.0,1.0,0.5,1.0,0.5,1.0,1.0,90,410,65,68,50,55,82,dragon,ground,4,0
444,Garchomp,1.0,1.0,2.0,0.0,2.0,1.0,0.5,1.0,1.0,1.0,1.0,4.0,1.0,0.5,1.0,0.5,1.0,1.0,170,700,115,108,120,95,92,dragon,ground,4,0
445,Munchlax,1.0,1.0,1.0,1.0,1.0,2.0,1.0,1.0,0.0,1.0,1.0,1.0,1.0,1.0,1.0,1.0,1.0,1.0,85,390,40,135,40,85,5,normal,,4,0
446,Riolu,0.5,0.5,1.0,1.0,2.0,1.0,1.0,2.0,1.0,1.0,1.0,1.0,1.0,1.0,2.0,0.5,1.0,1.0,70,285,40,40,35,40,60,fighting,,4,0
447,Lucario,0.25,0.5,0.5,1.0,1.0,2.0,2.0,1.0,1.0,0.5,2.0,0.5,0.5,0.0,1.0,0.25,0.5,1.0,145,625,88,70,140,70,112,fighting,steel,4,0
448,Hippopotas,1.0,1.0,1.0,0.0,1.0,1.0,1.0,1.0,1.0,2.0,1.0,2.0,1.0,0.5,1.0,0.5,1.0,2.0,72,330,78,68,38,42,32,ground,,4,0
449,Hippowdon,1.0,1.0,1.0,0.0,1.0,1.0,1.0,1.0,1.0,2.0,1.0,2.0,1.0,0.5,1.0,0.5,1.0,2.0,112,525,118,108,68,72,47,ground,,4,0
450,Skorupi,0.5,1.0,1.0,1.0,0.5,0.25,2.0,2.0,1.0,0.25,1.0,1.0,1.0,0.5,2.0,2.0,1.0,1.0,50,330,90,40,30,55,65,poison,bug,4,0
451,Drapion,1.0,0.5,1.0,1.0,1.0,1.0,1.0,1.0,0.5,0.5,2.0,1.0,1.0,0.5,0.0,1.0,1.0,1.0,90,500,110,70,60,75,95,poison,dark,4,0
452,Croagunk,0.25,0.5,1.0,1.0,1.0,0.5,1.0,2.0,1.0,0.5,2.0,1.0,1.0,0.5,4.0,0.5,1.0,1.0,61,300,40,48,61,40,50,poison,fighting,4,0
453,Toxicroak,0.25,0.5,1.0,1.0,1.0,0.5,1.0,2.0,1.0,0.5,2.0,1.0,1.0,0.5,4.0,0.5,1.0,1.0,106,490,65,83,86,65,85,poison,fighting,4,0
454,Carnivine,2.0,1.0,1.0,0.5,1.0,1.0,2.0,2.0,1.0,0.5,0.5,2.0,1.0,2.0,1.0,1.0,1.0,0.5,100,454,72,74,90,72,46,grass,,4,0
455,Finneon,1.0,1.0,1.0,2.0,1.0,1.0,0.5,1.0,1.0,2.0,1.0,0.5,1.0,1.0,1.0,1.0,0.5,0.5,49,330,56,49,49,61,66,water,,4,0
456,Lumineon,1.0,1.0,1.0,2.0,1.0,1.0,0.5,1.0,1.0,2.0,1.0,0.5,1.0,1.0,1.0,1.0,0.5,0.5,69,460,76,69,69,86,91,water,,4,0
457,Mantyke,0.5,1.0,1.0,4.0,1.0,0.5,0.5,1.0,1.0,1.0,0.0,1.0,1.0,1.0,1.0,2.0,0.5,0.5,20,345,50,45,60,120,50,water,flying,4,0
458,Snover,2.0,1.0,1.0,0.5,1.0,2.0,4.0,2.0,1.0,0.5,0.5,1.0,1.0,2.0,1.0,2.0,2.0,0.5,62,334,50,60,62,60,40,grass,ice,4,0
459,Abomasnow,2.0,1.0,1.0,0.5,1.0,2.0,4.0,2.0,1.0,0.5,0.5,1.0,1.0,2.0,1.0,2.0,2.0,0.5,132,594,105,90,132,105,30,grass,ice,4,0
460,Weavile,2.0,0.5,1.0,1.0,2.0,4.0,2.0,1.0,0.5,1.0,1.0,0.5,1.0,1.0,0.0,2.0,2.0,1.0,120,510,65,70,45,85,125,dark,ice,4,0
461,Magnezone,0.5,1.0,0.5,0.5,0.5,2.0,2.0,0.25,1.0,0.5,4.0,0.5,0.5,0.0,0.5,0.5,0.25,1.0,70,535,115,70,130,90,60,electric,steel,4,0
462,Lickilicky,1.0,1.0,1.0,1.0,1.0,2.0,1.0,1.0,0.0,1.0,1.0,1.0,1.0,1.0,1.0,1.0,1.0,1.0,85,515,95,110,80,95,50,normal,,4,0
463,Rhyperior,1.0,1.0,1.0,0.0,1.0,2.0,0.5,0.5,1.0,4.0,2.0,2.0,0.5,0.25,1.0,0.5,2.0,4.0,140,535,130,115,55,55,40,ground,rock,4,0
464,Tangrowth,2.0,1.0,1.0,0.5,1.0,1.0,2.0,2.0,1.0,0.5,0.5,2.0,1.0,2.0,1.0,1.0,1.0,0.5,100,535,125,100,110,50,50,grass,,4,0
465,Electivire,1.0,1.0,1.0,0.5,1.0,1.0,1.0,0.5,1.0,1.0,2.0,1.0,1.0,1.0,1.0,1.0,0.5,1.0,123,540,67,75,95,85,95,electric,,4,0
466,Magmortar,0.5,1.0,1.0,1.0,0.5,1.0,0.5,1.0,1.0,0.5,2.0,0.5,1.0,1.0,1.0,2.0,0.5,2.0,95,540,67,75,125,95,83,fire,,4,0
467,Togekiss,0.25,0.5,0.0,2.0,1.0,0.25,1.0,1.0,1.0,0.5,0.0,2.0,1.0,2.0,1.0,2.0,2.0,1.0,50,545,95,85,120,115,80,fairy,flying,4,0
468,Yanmega,0.5,1.0,1.0,2.0,1.0,0.25,2.0,2.0,1.0,0.25,0.0,2.0,1.0,1.0,1.0,4.0,1.0,1.0,76,515,86,86,116,56,95,bug,flying,4,0
469,Leafeon,2.0,1.0,1.0,0.5,1.0,1.0,2.0,2.0,1.0,0.5,0.5,2.0,1.0,2.0,1.0,1.0,1.0,0.5,110,525,130,65,60,65,95,grass,,4,0
470,Glaceon,1.0,1.0,1.0,1.0,1.0,2.0,2.0,1.0,1.0,1.0,1.0,0.5,1.0,1.0,1.0,2.0,2.0,1.0,60,525,110,65,130,95,65,ice,,4,0
471,Gliscor,0.5,1.0,1.0,0.0,1.0,0.5,1.0,1.0,1.0,1.0,0.0,4.0,1.0,0.5,1.0,1.0,1.0,2.0,95,510,125,75,45,75,95,ground,flying,4,0
472,Mamoswine,1.0,1.0,1.0,0.0,1.0,2.0,2.0,1.0,1.0,2.0,1.0,1.0,1.0,0.5,1.0,1.0,2.0,2.0,130,530,80,110,70,60,80,ice,ground,4,0
473,Porygon-Z,1.0,1.0,1.0,1.0,1.0,2.0,1.0,1.0,0.0,1.0,1.0,1.0,1.0,1.0,1.0,1.0,1.0,1.0,80,535,70,85,135,75,90,normal,,4,0
474,Gallade,1.0,1.0,1.0,1.0,2.0,0.5,1.0,2.0,2.0,1.0,1.0,1.0,1.0,1.0,1.0,0.5,1.0,1.0,165,618,95,68,65,115,110,psychic,fighting,4,0
475,Probopass,0.5,1.0,0.5,1.0,0.5,4.0,1.0,0.25,1.0,1.0,4.0,0.5,0.25,0.0,0.5,0.5,1.0,2.0,55,525,145,60,75,150,40,rock,steel,4,0
476,Dusknoir,0.5,2.0,1.0,1.0,1.0,0.0,1.0,1.0,2.0,1.0,1.0,1.0,0.0,0.5,1.0,1.0,1.0,1.0,100,525,135,45,65,135,45,ghost,,4,0
477,Froslass,0.5,2.0,1.0,1.0,1.0,0.0,2.0,1.0,2.0,1.0,1.0,0.5,0.0,0.5,1.0,2.0,2.0,1.0,80,480,70,70,80,70,110,ice,ghost,4,0
478,Rotom,0.5,2.0,1.0,0.5,1.0,0.0,1.0,0.5,2.0,1.0,2.0,1.0,0.0,0.5,1.0,1.0,0.5,1.0,65,520,107,50,105,107,86,electric,ghost,4,0
479,Uxie,2.0,2.0,1.0,1.0,1.0,0.5,1.0,1.0,2.0,1.0,1.0,1.0,1.0,1.0,0.5,1.0,1.0,1.0,75,580,130,75,75,130,95,psychic,,4,1
480,Mesprit,2.0,2.0,1.0,1.0,1.0,0.5,1.0,1.0,2.0,1.0,1.0,1.0,1.0,1.0,0.5,1.0,1.0,1.0,105,580,105,80,105,105,80,psychic,,4,1
481,Azelf,2.0,2.0,1.0,1.0,1.0,0.5,1.0,1.0,2.0,1.0,1.0,1.0,1.0,1.0,0.5,1.0,1.0,1.0,125,580,70,75,125,70,115,psychic,,4,1
482,Dialga,0.5,1.0,1.0,0.5,1.0,2.0,1.0,0.5,1.0,0.25,2.0,1.0,0.5,0.0,0.5,0.5,0.5,0.5,120,680,120,100,150,100,90,steel,dragon,4,1
483,Palkia,1.0,1.0,2.0,1.0,2.0,1.0,0.25,1.0,1.0,1.0,1.0,1.0,1.0,1.0,1.0,1.0,0.5,0.25,120,680,100,90,150,120,100,water,dragon,4,1
484,Heatran,0.25,1.0,0.5,1.0,0.25,2.0,1.0,0.5,1.0,0.25,4.0,0.25,0.5,0.0,0.5,1.0,0.25,2.0,90,600,106,91,130,106,77,fire,steel,4,1
485,Regigigas,1.0,1.0,1.0,1.0,1.0,2.0,1.0,1.0,0.0,1.0,1.0,1.0,1.0,1.0,1.0,1.0,1.0,1.0,160,670,110,110,80,110,100,normal,,4,1
486,Giratina,0.5,2.0,2.0,0.5,2.0,0.0,0.5,1.0,2.0,0.5,1.0,2.0,0.0,0.5,1.0,1.0,1.0,0.5,120,680,100,150,120,100,90,ghost,dragon,4,1
487,Cresselia,2.0,2.0,1.0,1.0,1.0,0.5,1.0,1.0,2.0,1.0,1.0,1.0,1.0,1.0,0.5,1.0,1.0,1.0,70,600,120,120,75,130,85,psychic,,4,1
488,Phione,1.0,1.0,1.0,2.0,1.0,1.0,0.5,1.0,1.0,2.0,1.0,0.5,1.0,1.0,1.0,1.0,0.5,0.5,80,480,80,80,80,80,80,water,,4,0
489,Manaphy,1.0,1.0,1.0,2.0,1.0,1.0,0.5,1.0,1.0,2.0,1.0,0.5,1.0,1.0,1.0,1.0,0.5,0.5,100,600,100,100,100,100,100,water,,4,1
490,Darkrai,2.0,0.5,1.0,1.0,2.0,2.0,1.0,1.0,0.5,1.0,1.0,1.0,1.0,1.0,0.0,1.0,1.0,1.0,90,600,90,70,135,90,125,dark,,4,1
491,Shaymin,2.0,1.0,1.0,0.5,1.0,1.0,2.0,2.0,1.0,0.5,0.5,2.0,1.0,2.0,1.0,1.0,1.0,0.5,103,600,75,100,120,75,127,grass,grass,4,1
492,Arceus,1.0,1.0,1.0,1.0,1.0,2.0,1.0,1.0,0.0,1.0,1.0,1.0,1.0,1.0,1.0,1.0,1.0,1.0,120,720,120,120,120,120,120,normal,,4,1
493,Victini,1.0,2.0,1.0,1.0,0.5,0.5,0.5,1.0,2.0,0.5,2.0,0.5,1.0,1.0,0.5,2.0,0.5,2.0,100,600,100,100,100,100,100,psychic,fire,5,1
494,Snivy,2.0,1.0,1.0,0.5,1.0,1.0,2.0,2.0,1.0,0.5,0.5,2.0,1.0,2.0,1.0,1.0,1.0,0.5,45,308,55,45,45,55,63,grass,,5,0
495,Servine,2.0,1.0,1.0,0.5,1.0,1.0,2.0,2.0,1.0,0.5,0.5,2.0,1.0,2.0,1.0,1.0,1.0,0.5,60,413,75,60,60,75,83,grass,,5,0
496,Serperior,2.0,1.0,1.0,0.5,1.0,1.0,2.0,2.0,1.0,0.5,0.5,2.0,1.0,2.0,1.0,1.0,1.0,0.5,75,528,95,75,75,95,113,grass,,5,0
497,Tepig,0.5,1.0,1.0,1.0,0.5,1.0,0.5,1.0,1.0,0.5,2.0,0.5,1.0,1.0,1.0,2.0,0.5,2.0,63,308,45,65,45,45,45,fire,,5,0
498,Pignite,0.25,0.5,1.0,1.0,1.0,1.0,0.5,2.0,1.0,0.5,2.0,0.5,1.0,1.0,2.0,1.0,0.5,2.0,93,418,55,90,70,55,55,fire,fighting,5,0
499,Emboar,0.25,0.5,1.0,1.0,1.0,1.0,0.5,2.0,1.0,0.5,2.0,0.5,1.0,1.0,2.0,1.0,0.5,2.0,123,528,65,110,100,65,65,fire,fighting,5,0
500,Oshawott,1.0,1.0,1.0,2.0,1.0,1.0,0.5,1.0,1.0,2.0,1.0,0.5,1.0,1.0,1.0,1.0,0.5,0.5,55,308,45,55,63,45,45,water,,5,0
501,Dewott,1.0,1.0,1.0,2.0,1.0,1.0,0.5,1.0,1.0,2.0,1.0,0.5,1.0,1.0,1.0,1.0,0.5,0.5,75,413,60,75,83,60,60,water,,5,0
502,Samurott,1.0,1.0,1.0,2.0,1.0,1.0,0.5,1.0,1.0,2.0,1.0,0.5,1.0,1.0,1.0,1.0,0.5,0.5,100,528,85,95,108,70,70,water,,5,0
503,Patrat,1.0,1.0,1.0,1.0,1.0,2.0,1.0,1.0,0.0,1.0,1.0,1.0,1.0,1.0,1.0,1.0,1.0,1.0,55,255,39,45,35,39,42,normal,,5,0
504,Watchog,1.0,1.0,1.0,1.0,1.0,2.0,1.0,1.0,0.0,1.0,1.0,1.0,1.0,1.0,1.0,1.0,1.0,1.0,85,420,69,60,60,69,77,normal,,5,0
505,Lillipup,1.0,1.0,1.0,1.0,1.0,2.0,1.0,1.0,0.0,1.0,1.0,1.0,1.0,1.0,1.0,1.0,1.0,1.0,60,275,45,45,25,45,55,normal,,5,0
506,Herdier,1.0,1.0,1.0,1.0,1.0,2.0,1.0,1.0,0.0,1.0,1.0,1.0,1.0,1.0,1.0,1.0,1.0,1.0,80,370,65,65,35,65,60,normal,,5,0
507,Stoutland,1.0,1.0,1.0,1.0,1.0,2.0,1.0,1.0,0.0,1.0,1.0,1.0,1.0,1.0,1.0,1.0,1.0,1.0,110,500,90,85,45,90,80,normal,,5,0
508,Purrloin,2.0,0.5,1.0,1.0,2.0,2.0,1.0,1.0,0.5,1.0,1.0,1.0,1.0,1.0,0.0,1.0,1.0,1.0,50,281,37,41,50,37,66,dark,,5,0
509,Liepard,2.0,0.5,1.0,1.0,2.0,2.0,1.0,1.0,0.5,1.0,1.0,1.0,1.0,1.0,0.0,1.0,1.0,1.0,88,446,50,64,88,50,106,dark,,5,0
510,Pansage,2.0,1.0,1.0,0.5,1.0,1.0,2.0,2.0,1.0,0.5,0.5,2.0,1.0,2.0,1.0,1.0,1.0,0.5,53,316,48,50,53,48,64,grass,,5,0
511,Simisage,2.0,1.0,1.0,0.5,1.0,1.0,2.0,2.0,1.0,0.5,0.5,2.0,1.0,2.0,1.0,1.0,1.0,0.5,98,498,63,75,98,63,101,grass,,5,0
512,Pansear,0.5,1.0,1.0,1.0,0.5,1.0,0.5,1.0,1.0,0.5,2.0,0.5,1.0,1.0,1.0,2.0,0.5,2.0,53,316,48,50,53,48,64,fire,,5,0
513,Simisear,0.5,1.0,1.0,1.0,0.5,1.0,0.5,1.0,1.0,0.5,2.0,0.5,1.0,1.0,1.0,2.0,0.5,2.0,98,498,63,75,98,63,101,fire,,5,0
514,Panpour,1.0,1.0,1.0,2.0,1.0,1.0,0.5,1.0,1.0,2.0,1.0,0.5,1.0,1.0,1.0,1.0,0.5,0.5,53,316,48,50,53,48,64,water,,5,0
515,Simipour,1.0,1.0,1.0,2.0,1.0,1.0,0.5,1.0,1.0,2.0,1.0,0.5,1.0,1.0,1.0,1.0,0.5,0.5,98,498,63,75,98,63,101,water,,5,0
516,Munna,2.0,2.0,1.0,1.0,1.0,0.5,1.0,1.0,2.0,1.0,1.0,1.0,1.0,1.0,0.5,1.0,1.0,1.0,25,292,45,76,67,55,24,psychic,,5,0
517,Musharna,2.0,2.0,1.0,1.0,1.0,0.5,1.0,1.0,2.0,1.0,1.0,1.0,1.0,1.0,0.5,1.0,1.0,1.0,55,487,85,116,107,95,29,psychic,,5,0
518,Pidove,0.5,1.0,1.0,2.0,1.0,1.0,1.0,1.0,0.0,0.5,0.0,2.0,1.0,1.0,1.0,2.0,1.0,1.0,55,264,50,50,36,30,43,normal,flying,5,0
519,Tranquill,0.5,1.0,1.0,2.0,1.0,1.0,1.0,1.0,0.0,0.5,0.0,2.0,1.0,1.0,1.0,2.0,1.0,1.0,77,358,62,62,50,42,65,normal,flying,5,0
520,Unfezant,0.5,1.0,1.0,2.0,1.0,1.0,1.0,1.0,0.0,0.5,0.0,2.0,1.0,1.0,1.0,2.0,1.0,1.0,115,488,80,80,65,55,93,normal,flying,5,0
521,Blitzle,1.0,1.0,1.0,0.5,1.0,1.0,1.0,0.5,1.0,1.0,2.0,1.0,1.0,1.0,1.0,1.0,0.5,1.0,60,295,32,45,50,32,76,electric,,5,0
522,Zebstrika,1.0,1.0,1.0,0.5,1.0,1.0,1.0,0.5,1.0,1.0,2.0,1.0,1.0,1.0,1.0,1.0,0.5,1.0,100,497,63,75,80,63,116,electric,,5,0
523,Roggenrola,1.0,1.0,1.0,1.0,1.0,2.0,0.5,0.5,1.0,2.0,2.0,1.0,0.5,0.5,1.0,1.0,2.0,2.0,75,280,85,55,25,25,15,rock,,5,0
524,Boldore,1.0,1.0,1.0,1.0,1.0,2.0,0.5,0.5,1.0,2.0,2.0,1.0,0.5,0.5,1.0,1.0,2.0,2.0,105,390,105,70,50,40,20,rock,,5,0
525,Gigalith,1.0,1.0,1.0,1.0,1.0,2.0,0.5,0.5,1.0,2.0,2.0,1.0,0.5,0.5,1.0,1.0,2.0,2.0,135,515,130,85,60,80,25,rock,,5,0
526,Woobat,1.0,2.0,1.0,2.0,1.0,0.25,1.0,1.0,2.0,0.5,0.0,2.0,1.0,1.0,0.5,2.0,1.0,1.0,45,323,43,65,55,43,72,psychic,flying,5,0
527,Swoobat,1.0,2.0,1.0,2.0,1.0,0.25,1.0,1.0,2.0,0.5,0.0,2.0,1.0,1.0,0.5,2.0,1.0,1.0,57,425,55,67,77,55,114,psychic,flying,5,0
528,Drilbur,1.0,1.0,1.0,0.0,1.0,1.0,1.0,1.0,1.0,2.0,1.0,2.0,1.0,0.5,1.0,0.5,1.0,2.0,85,328,40,60,30,45,68,ground,,5,0
529,Excadrill,0.5,1.0,0.5,0.0,0.5,2.0,2.0,0.5,1.0,1.0,2.0,1.0,0.5,0.0,0.5,0.25,0.5,2.0,135,508,60,110,50,65,88,ground,steel,5,0
530,Audino,1.0,1.0,1.0,1.0,1.0,2.0,1.0,1.0,0.0,1.0,1.0,1.0,1.0,1.0,1.0,1.0,1.0,1.0,60,545,126,103,80,126,50,normal,,5,0
531,Timburr,0.5,0.5,1.0,1.0,2.0,1.0,1.0,2.0,1.0,1.0,1.0,1.0,1.0,1.0,2.0,0.5,1.0,1.0,80,305,55,75,25,35,35,fighting,,5,0
532,Gurdurr,0.5,0.5,1.0,1.0,2.0,1.0,1.0,2.0,1.0,1.0,1.0,1.0,1.0,1.0,2.0,0.5,1.0,1.0,105,405,85,85,40,50,40,fighting,,5,0
533,Conkeldurr,0.5,0.5,1.0,1.0,2.0,1.0,1.0,2.0,1.0,1.0,1.0,1.0,1.0,1.0,2.0,0.5,1.0,1.0,140,505,95,105,55,65,45,fighting,,5,0
534,Tympole,1.0,1.0,1.0,2.0,1.0,1.0,0.5,1.0,1.0,2.0,1.0,0.5,1.0,1.0,1.0,1.0,0.5,0.5,50,294,40,50,50,40,64,water,,5,0
535,Palpitoad,1.0,1.0,1.0,0.0,1.0,1.0,0.5,1.0,1.0,4.0,1.0,1.0,1.0,0.5,1.0,0.5,0.5,1.0,65,384,55,75,65,55,69,water,ground,5,0
536,Seismitoad,1.0,1.0,1.0,0.0,1.0,1.0,0.5,1.0,1.0,4.0,1.0,1.0,1.0,0.5,1.0,0.5,0.5,1.0,95,509,75,105,85,75,74,water,ground,5,0
537,Throh,0.5,0.5,1.0,1.0,2.0,1.0,1.0,2.0,1.0,1.0,1.0,1.0,1.0,1.0,2.0,0.5,1.0,1.0,100,465,85,120,30,85,45,fighting,,5,0
538,Sawk,0.5,0.5,1.0,1.0,2.0,1.0,1.0,2.0,1.0,1.0,1.0,1.0,1.0,1.0,2.0,0.5,1.0,1.0,125,465,75,75,30,75,85,fighting,,5,0
539,Sewaddle,2.0,1.0,1.0,0.5,1.0,0.5,4.0,4.0,1.0,0.25,0.25,2.0,1.0,2.0,1.0,2.0,1.0,0.5,53,310,70,45,40,60,42,bug,grass,5,0
540,Swadloon,2.0,1.0,1.0,0.5,1.0,0.5,4.0,4.0,1.0,0.25,0.25,2.0,1.0,2.0,1.0,2.0,1.0,0.5,63,380,90,55,50,80,42,bug,grass,5,0
541,Leavanny,2.0,1.0,1.0,0.5,1.0,0.5,4.0,4.0,1.0,0.25,0.25,2.0,1.0,2.0,1.0,2.0,1.0,0.5,103,500,80,75,70,80,92,bug,grass,5,0
542,Venipede,0.5,1.0,1.0,1.0,0.5,0.25,2.0,2.0,1.0,0.25,1.0,1.0,1.0,0.5,2.0,2.0,1.0,1.0,45,260,59,30,30,39,57,bug,poison,5,0
543,Whirlipede,0.5,1.0,1.0,1.0,0.5,0.25,2.0,2.0,1.0,0.25,1.0,1.0,1.0,0.5,2.0,2.0,1.0,1.0,55,360,99,40,40,79,47,bug,poison,5,0
544,Scolipede,0.5,1.0,1.0,1.0,0.5,0.25,2.0,2.0,1.0,0.25,1.0,1.0,1.0,0.5,2.0,2.0,1.0,1.0,100,485,89,60,55,69,112,bug,poison,5,0
545,Cottonee,1.0,0.5,0.0,0.5,1.0,0.5,2.0,2.0,1.0,0.5,0.5,2.0,1.0,4.0,1.0,1.0,2.0,0.5,27,280,60,40,37,50,66,grass,fairy,5,0
546,Whimsicott,1.0,0.5,0.0,0.5,1.0,0.5,2.0,2.0,1.0,0.5,0.5,2.0,1.0,4.0,1.0,1.0,2.0,0.5,67,480,85,60,77,75,116,grass,fairy,5,0
547,Petilil,2.0,1.0,1.0,0.5,1.0,1.0,2.0,2.0,1.0,0.5,0.5,2.0,1.0,2.0,1.0,1.0,1.0,0.5,35,280,50,45,70,50,30,grass,,5,0
548,Lilligant,2.0,1.0,1.0,0.5,1.0,1.0,2.0,2.0,1.0,0.5,0.5,2.0,1.0,2.0,1.0,1.0,1.0,0.5,60,480,75,70,110,75,90,grass,,5,0
549,Basculin,1.0,1.0,1.0,2.0,1.0,1.0,0.5,1.0,1.0,2.0,1.0,0.5,1.0,1.0,1.0,1.0,0.5,0.5,92,460,65,70,80,55,98,water,,5,0
550,Sandile,2.0,0.5,1.0,0.0,2.0,2.0,1.0,1.0,0.5,2.0,1.0,2.0,1.0,0.5,0.0,0.5,1.0,2.0,72,292,35,50,35,35,65,ground,dark,5,0
551,Krokorok,2.0,0.5,1.0,0.0,2.0,2.0,1.0,1.0,0.5,2.0,1.0,2.0,1.0,0.5,0.0,0.5,1.0,2.0,82,351,45,60,45,45,74,ground,dark,5,0
552,Krookodile,2.0,0.5,1.0,0.0,2.0,2.0,1.0,1.0,0.5,2.0,1.0,2.0,1.0,0.5,0.0,0.5,1.0,2.0,117,519,80,95,65,70,92,ground,dark,5,0
553,Darumaka,0.5,1.0,1.0,1.0,0.5,1.0,0.5,1.0,1.0,0.5,2.0,0.5,1.0,1.0,1.0,2.0,0.5,2.0,90,315,45,70,15,45,50,fire,,5,0
554,Darmanitan,0.5,1.0,1.0,1.0,0.5,1.0,0.5,1.0,1.0,0.5,2.0,0.5,1.0,1.0,1.0,2.0,0.5,2.0,30,540,105,105,140,105,55,fire,fire,5,0
555,Maractus,2.0,1.0,1.0,0.5,1.0,1.0,2.0,2.0,1.0,0.5,0.5,2.0,1.0,2.0,1.0,1.0,1.0,0.5,86,461,67,75,106,67,60,grass,,5,0
556,Dwebble,1.0,1.0,1.0,1.0,1.0,1.0,1.0,1.0,1.0,1.0,1.0,1.0,0.5,0.5,1.0,2.0,2.0,2.0,65,325,85,50,35,35,55,bug,rock,5,0
557,Crustle,1.0,1.0,1.0,1.0,1.0,1.0,1.0,1.0,1.0,1.0,1.0,1.0,0.5,0.5,1.0,2.0,2.0,2.0,105,485,125,70,65,75,45,bug,rock,5,0
558,Scraggy,1.0,0.25,1.0,1.0,4.0,2.0,1.0,2.0,0.5,1.0,1.0,1.0,1.0,1.0,0.0,0.5,1.0,1.0,75,348,70,50,35,70,48,dark,fighting,5,0
559,Scrafty,1.0,0.25,1.0,1.0,4.0,2.0,1.0,2.0,0.5,1.0,1.0,1.0,1.0,1.0,0.0,0.5,1.0,1.0,90,488,115,65,45,115,58,dark,fighting,5,0
560,Sigilyph,1.0,2.0,1.0,2.0,1.0,0.25,1.0,1.0,2.0,0.5,0.0,2.0,1.0,1.0,0.5,2.0,1.0,1.0,58,490,80,72,103,80,97,psychic,flying,5,0
561,Yamask,0.5,2.0,1.0,1.0,1.0,0.0,1.0,1.0,2.0,1.0,1.0,1.0,0.0,0.5,1.0,1.0,1.0,1.0,30,303,85,38,55,65,30,ghost,,5,0
562,Cofagrigus,0.5,2.0,1.0,1.0,1.0,0.0,1.0,1.0,2.0,1.0,1.0,1.0,0.0,0.5,1.0,1.0,1.0,1.0,50,483,145,58,95,105,30,ghost,,5,0
563,Tirtouga,1.0,1.0,1.0,2.0,1.0,2.0,0.25,0.5,1.0,4.0,2.0,0.5,0.5,0.5,1.0,1.0,1.0,1.0,78,355,103,54,53,45,22,water,rock,5,0
564,Carracosta,1.0,1.0,1.0,2.0,1.0,2.0,0.25,0.5,1.0,4.0,2.0,0.5,0.5,0.5,1.0,1.0,1.0,1.0,108,495,133,74,83,65,32,water,rock,5,0
565,Archen,0.5,1.0,1.0,2.0,1.0,1.0,0.5,0.5,1.0,1.0,0.0,2.0,0.5,0.5,1.0,2.0,2.0,2.0,112,401,45,55,74,45,70,rock,flying,5,0
566,Archeops,0.5,1.0,1.0,2.0,1.0,1.0,0.5,0.5,1.0,1.0,0.0,2.0,0.5,0.5,1.0,2.0,2.0,2.0,140,567,65,75,112,65,110,rock,flying,5,0
567,Trubbish,0.5,1.0,1.0,1.0,0.5,0.5,1.0,1.0,1.0,0.5,2.0,1.0,1.0,0.5,2.0,1.0,1.0,1.0,50,329,62,50,40,62,65,poison,,5,0
568,Garbodor,0.5,1.0,1.0,1.0,0.5,0.5,1.0,1.0,1.0,0.5,2.0,1.0,1.0,0.5,2.0,1.0,1.0,1.0,95,474,82,80,60,82,75,poison,,5,0
569,Zorua,2.0,0.5,1.0,1.0,2.0,2.0,1.0,1.0,0.5,1.0,1.0,1.0,1.0,1.0,0.0,1.0,1.0,1.0,65,330,40,40,80,40,65,dark,,5,0
570,Zoroark,2.0,0.5,1.0,1.0,2.0,2.0,1.0,1.0,0.5,1.0,1.0,1.0,1.0,1.0,0.0,1.0,1.0,1.0,105,510,60,60,120,60,105,dark,,5,0
571,Minccino,1.0,1.0,1.0,1.0,1.0,2.0,1.0,1.0,0.0,1.0,1.0,1.0,1.0,1.0,1.0,1.0,1.0,1.0,50,300,40,55,40,40,75,normal,,5,0
572,Cinccino,1.0,1.0,1.0,1.0,1.0,2.0,1.0,1.0,0.0,1.0,1.0,1.0,1.0,1.0,1.0,1.0,1.0,1.0,95,470,60,75,65,60,115,normal,,5,0
573,Gothita,2.0,2.0,1.0,1.0,1.0,0.5,1.0,1.0,2.0,1.0,1.0,1.0,1.0,1.0,0.5,1.0,1.0,1.0,30,290,50,45,55,65,45,psychic,,5,0
574,Gothorita,2.0,2.0,1.0,1.0,1.0,0.5,1.0,1.0,2.0,1.0,1.0,1.0,1.0,1.0,0.5,1.0,1.0,1.0,45,390,70,60,75,85,55,psychic,,5,0
575,Gothitelle,2.0,2.0,1.0,1.0,1.0,0.5,1.0,1.0,2.0,1.0,1.0,1.0,1.0,1.0,0.5,1.0,1.0,1.0,55,490,95,70,95,110,65,psychic,,5,0
576,Solosis,2.0,2.0,1.0,1.0,1.0,0.5,1.0,1.0,2.0,1.0,1.0,1.0,1.0,1.0,0.5,1.0,1.0,1.0,30,290,40,45,105,50,20,psychic,,5,0
577,Duosion,2.0,2.0,1.0,1.0,1.0,0.5,1.0,1.0,2.0,1.0,1.0,1.0,1.0,1.0,0.5,1.0,1.0,1.0,40,370,50,65,125,60,30,psychic,,5,0
578,Reuniclus,2.0,2.0,1.0,1.0,1.0,0.5,1.0,1.0,2.0,1.0,1.0,1.0,1.0,1.0,0.5,1.0,1.0,1.0,65,490,75,110,125,85,30,psychic,,5,0
579,Ducklett,0.5,1.0,1.0,4.0,1.0,0.5,0.5,1.0,1.0,1.0,0.0,1.0,1.0,1.0,1.0,2.0,0.5,0.5,44,305,50,62,44,50,55,water,flying,5,0
580,Swanna,0.5,1.0,1.0,4.0,1.0,0.5,0.5,1.0,1.0,1.0,0.0,1.0,1.0,1.0,1.0,2.0,0.5,0.5,87,473,63,75,87,63,98,water,flying,5,0
581,Vanillite,1.0,1.0,1.0,1.0,1.0,2.0,2.0,1.0,1.0,1.0,1.0,0.5,1.0,1.0,1.0,2.0,2.0,1.0,50,305,50,36,65,60,44,ice,,5,0
582,Vanillish,1.0,1.0,1.0,1.0,1.0,2.0,2.0,1.0,1.0,1.0,1.0,0.5,1.0,1.0,1.0,2.0,2.0,1.0,65,395,65,51,80,75,59,ice,,5,0
583,Vanilluxe,1.0,1.0,1.0,1.0,1.0,2.0,2.0,1.0,1.0,1.0,1.0,0.5,1.0,1.0,1.0,2.0,2.0,1.0,95,535,85,71,110,95,79,ice,,5,0
584,Deerling,2.0,1.0,1.0,0.5,1.0,2.0,2.0,2.0,0.0,0.5,0.5,2.0,1.0,2.0,1.0,1.0,1.0,0.5,60,335,50,60,40,50,75,normal,grass,5,0
585,Sawsbuck,2.0,1.0,1.0,0.5,1.0,2.0,2.0,2.0,0.0,0.5,0.5,2.0,1.0,2.0,1.0,1.0,1.0,0.5,100,475,70,80,60,70,95,normal,grass,5,0
586,Emolga,0.5,1.0,1.0,1.0,1.0,0.5,1.0,0.5,1.0,0.5,0.0,2.0,1.0,1.0,1.0,2.0,0.5,1.0,75,428,60,55,75,60,103,electric,flying,5,0
587,Karrablast,1.0,1.0,1.0,1.0,1.0,0.5,2.0,2.0,1.0,0.5,0.5,1.0,1.0,1.0,1.0,2.0,1.0,1.0,75,315,45,50,40,45,60,bug,,5,0
588,Escavalier,0.5,1.0,0.5,1.0,0.5,1.0,4.0,1.0,1.0,0.25,1.0,0.5,0.5,0.0,0.5,1.0,0.5,1.0,135,495,105,70,60,105,20,bug,steel,5,0
589,Foongus,1.0,1.0,1.0,0.5,0.5,0.5,2.0,2.0,1.0,0.25,1.0,2.0,1.0,1.0,2.0,1.0,1.0,0.5,55,294,45,69,55,55,15,grass,poison,5,0
590,Amoonguss,1.0,1.0,1.0,0.5,0.5,0.5,2.0,2.0,1.0,0.25,1.0,2.0,1.0,1.0,2.0,1.0,1.0,0.5,85,464,70,114,85,80,30,grass,poison,5,0
591,Frillish,0.5,2.0,1.0,2.0,1.0,0.0,0.5,1.0,2.0,2.0,1.0,0.5,0.0,0.5,1.0,1.0,0.5,0.5,40,335,50,55,65,85,40,water,ghost,5,0
592,Jellicent,0.5,2.0,1.0,2.0,1.0,0.0,0.5,1.0,2.0,2.0,1.0,0.5,0.0,0.5,1.0,1.0,0.5,0.5,60,480,70,100,85,105,60,water,ghost,5,0
593,Alomomola,1.0,1.0,1.0,2.0,1.0,1.0,0.5,1.0,1.0,2.0,1.0,0.5,1.0,1.0,1.0,1.0,0.5,0.5,75,470,80,165,40,45,65,water,,5,0
594,Joltik,1.0,1.0,1.0,0.5,1.0,0.5,2.0,1.0,1.0,0.5,1.0,1.0,1.0,1.0,1.0,2.0,0.5,1.0,47,319,50,50,57,50,65,bug,electric,5,0
595,Galvantula,1.0,1.0,1.0,0.5,1.0,0.5,2.0,1.0,1.0,0.5,1.0,1.0,1.0,1.0,1.0,2.0,0.5,1.0,77,472,60,70,97,60,108,bug,electric,5,0
596,Ferroseed,1.0,1.0,0.5,0.5,0.5,2.0,4.0,1.0,1.0,0.25,1.0,1.0,0.5,0.0,0.5,0.5,0.5,0.5,50,305,91,44,24,86,10,grass,steel,5,0
597,Ferrothorn,1.0,1.0,0.5,0.5,0.5,2.0,4.0,1.0,1.0,0.25,1.0,1.0,0.5,0.0,0.5,0.5,0.5,0.5,94,489,131,74,54,116,20,grass,steel,5,0
598,Klink,0.5,1.0,0.5,1.0,0.5,2.0,2.0,0.5,1.0,0.5,2.0,0.5,0.5,0.0,0.5,0.5,0.5,1.0,55,300,70,40,45,60,30,steel,,5,0
599,Klang,0.5,1.0,0.5,1.0,0.5,2.0,2.0,0.5,1.0,0.5,2.0,0.5,0.5,0.0,0.5,0.5,0.5,1.0,80,440,95,60,70,85,50,steel,,5,0
600,Klinklang,0.5,1.0,0.5,1.0,0.5,2.0,2.0,0.5,1.0,0.5,2.0,0.5,0.5,0.0,0.5,0.5,0.5,1.0,100,520,115,60,70,85,90,steel,,5,0
601,Tynamo,1.0,1.0,1.0,0.5,1.0,1.0,1.0,0.5,1.0,1.0,2.0,1.0,1.0,1.0,1.0,1.0,0.5,1.0,55,275,40,35,45,40,60,electric,,5,0
602,Eelektrik,1.0,1.0,1.0,0.5,1.0,1.0,1.0,0.5,1.0,1.0,2.0,1.0,1.0,1.0,1.0,1.0,0.5,1.0,85,405,70,65,75,70,40,electric,,5,0
603,Eelektross,1.0,1.0,1.0,0.5,1.0,1.0,1.0,0.5,1.0,1.0,2.0,1.0,1.0,1.0,1.0,1.0,0.5,1.0,115,515,80,85,105,80,50,electric,,5,0
604,Elgyem,2.0,2.0,1.0,1.0,1.0,0.5,1.0,1.0,2.0,1.0,1.0,1.0,1.0,1.0,0.5,1.0,1.0,1.0,55,335,55,55,85,55,30,psychic,,5,0
605,Beheeyem,2.0,2.0,1.0,1.0,1.0,0.5,1.0,1.0,2.0,1.0,1.0,1.0,1.0,1.0,0.5,1.0,1.0,1.0,75,485,75,75,125,95,40,psychic,,5,0
606,Litwick,0.25,2.0,1.0,1.0,0.5,0.0,0.5,1.0,2.0,0.5,2.0,0.5,0.0,0.5,1.0,2.0,0.5,2.0,30,275,55,50,65,55,20,ghost,fire,5,0
607,Lampent,0.25,2.0,1.0,1.0,0.5,0.0,0.5,1.0,2.0,0.5,2.0,0.5,0.0,0.5,1.0,2.0,0.5,2.0,40,370,60,60,95,60,55,ghost,fire,5,0
608,Chandelure,0.25,2.0,1.0,1.0,0.5,0.0,0.5,1.0,2.0,0.5,2.0,0.5,0.0,0.5,1.0,2.0,0.5,2.0,55,520,90,60,145,90,80,ghost,fire,5,0
609,Axew,1.0,1.0,2.0,0.5,2.0,1.0,0.5,1.0,1.0,0.5,1.0,2.0,1.0,1.0,1.0,1.0,1.0,0.5,87,320,60,46,30,40,57,dragon,,5,0
610,Fraxure,1.0,1.0,2.0,0.5,2.0,1.0,0.5,1.0,1.0,0.5,1.0,2.0,1.0,1.0,1.0,1.0,1.0,0.5,117,410,70,66,40,50,67,dragon,,5,0
611,Haxorus,1.0,1.0,2.0,0.5,2.0,1.0,0.5,1.0,1.0,0.5,1.0,2.0,1.0,1.0,1.0,1.0,1.0,0.5,147,540,90,76,60,70,97,dragon,,5,0
612,Cubchoo,1.0,1.0,1.0,1.0,1.0,2.0,2.0,1.0,1.0,1.0,1.0,0.5,1.0,1.0,1.0,2.0,2.0,1.0,70,305,40,55,60,40,40,ice,,5,0
613,Beartic,1.0,1.0,1.0,1.0,1.0,2.0,2.0,1.0,1.0,1.0,1.0,0.5,1.0,1.0,1.0,2.0,2.0,1.0,130,505,80,95,70,80,50,ice,,5,0
614,Cryogonal,1.0,1.0,1.0,1.0,1.0,2.0,2.0,1.0,1.0,1.0,1.0,0.5,1.0,1.0,1.0,2.0,2.0,1.0,50,515,50,80,95,135,105,ice,,5,0
615,Shelmet,1.0,1.0,1.0,1.0,1.0,0.5,2.0,2.0,1.0,0.5,0.5,1.0,1.0,1.0,1.0,2.0,1.0,1.0,40,305,85,50,40,65,25,bug,,5,0
616,Accelgor,1.0,1.0,1.0,1.0,1.0,0.5,2.0,2.0,1.0,0.5,0.5,1.0,1.0,1.0,1.0,2.0,1.0,1.0,70,495,40,80,100,60,145,bug,,5,0
617,Stunfisk,1.0,1.0,1.0,0.0,1.0,1.0,1.0,0.5,1.0,2.0,2.0,2.0,1.0,0.5,1.0,0.5,0.5,2.0,66,471,84,109,81,99,32,ground,electric,5,0
618,Mienfoo,0.5,0.5,1.0,1.0,2.0,1.0,1.0,2.0,1.0,1.0,1.0,1.0,1.0,1.0,2.0,0.5,1.0,1.0,85,350,50,45,55,50,65,fighting,,5,0
619,Mienshao,0.5,0.5,1.0,1.0,2.0,1.0,1.0,2.0,1.0,1.0,1.0,1.0,1.0,1.0,2.0,0.5,1.0,1.0,125,510,60,65,95,60,105,fighting,,5,0
620,Druddigon,1.0,1.0,2.0,0.5,2.0,1.0,0.5,1.0,1.0,0.5,1.0,2.0,1.0,1.0,1.0,1.0,1.0,0.5,120,485,90,77,60,90,48,dragon,,5,0
621,Golett,0.5,2.0,1.0,0.0,1.0,0.0,1.0,1.0,2.0,2.0,1.0,2.0,0.0,0.25,1.0,0.5,1.0,2.0,74,303,50,59,35,50,35,ground,ghost,5,0
622,Golurk,0.5,2.0,1.0,0.0,1.0,0.0,1.0,1.0,2.0,2.0,1.0,2.0,0.0,0.25,1.0,0.5,1.0,2.0,124,483,80,89,55,80,55,ground,ghost,5,0
623,Pawniard,1.0,0.5,0.5,1.0,1.0,4.0,2.0,0.5,0.5,0.5,2.0,0.5,0.5,0.0,0.0,0.5,0.5,1.0,85,340,70,45,40,40,60,dark,steel,5,0
624,Bisharp,1.0,0.5,0.5,1.0,1.0,4.0,2.0,0.5,0.5,0.5,2.0,0.5,0.5,0.0,0.0,0.5,0.5,1.0,125,490,100,65,60,70,70,dark,steel,5,0
625,Bouffalant,1.0,1.0,1.0,1.0,1.0,2.0,1.0,1.0,0.0,1.0,1.0,1.0,1.0,1.0,1.0,1.0,1.0,1.0,110,490,95,95,40,95,55,normal,,5,0
626,Rufflet,0.5,1.0,1.0,2.0,1.0,1.0,1.0,1.0,0.0,0.5,0.0,2.0,1.0,1.0,1.0,2.0,1.0,1.0,83,350,50,70,37,50,60,normal,flying,5,0
627,Braviary,0.5,1.0,1.0,2.0,1.0,1.0,1.0,1.0,0.0,0.5,0.0,2.0,1.0,1.0,1.0,2.0,1.0,1.0,123,510,75,100,57,75,80,normal,flying,5,0
628,Vullaby,1.0,0.5,1.0,2.0,2.0,1.0,1.0,1.0,0.5,0.5,0.0,2.0,1.0,1.0,0.0,2.0,1.0,1.0,55,370,75,70,45,65,60,dark,flying,5,0
629,Mandibuzz,1.0,0.5,1.0,2.0,2.0,1.0,1.0,1.0,0.5,0.5,0.0,2.0,1.0,1.0,0.0,2.0,1.0,1.0,65,510,105,110,55,95,80,dark,flying,5,0
630,Heatmor,0.5,1.0,1.0,1.0,0.5,1.0,0.5,1.0,1.0,0.5,2.0,0.5,1.0,1.0,1.0,2.0,0.5,2.0,97,484,66,85,105,66,65,fire,,5,0
631,Durant,0.5,1.0,0.5,1.0,0.5,1.0,4.0,1.0,1.0,0.25,1.0,0.5,0.5,0.0,0.5,1.0,0.5,1.0,109,484,112,58,48,48,109,bug,steel,5,0
632,Deino,2.0,0.5,2.0,0.5,4.0,2.0,0.5,1.0,0.5,0.5,1.0,2.0,1.0,1.0,0.0,1.0,1.0,0.5,65,300,50,52,45,50,38,dark,dragon,5,0
633,Zweilous,2.0,0.5,2.0,0.5,4.0,2.0,0.5,1.0,0.5,0.5,1.0,2.0,1.0,1.0,0.0,1.0,1.0,0.5,85,420,70,72,65,70,58,dark,dragon,5,0
634,Hydreigon,2.0,0.5,2.0,0.5,4.0,2.0,0.5,1.0,0.5,0.5,1.0,2.0,1.0,1.0,0.0,1.0,1.0,0.5,105,600,90,92,125,90,98,dark,dragon,5,0
635,Larvesta,0.5,1.0,1.0,1.0,0.5,0.5,1.0,2.0,1.0,0.25,1.0,0.5,1.0,1.0,1.0,4.0,0.5,2.0,85,360,55,55,50,55,60,bug,fire,5,0
636,Volcarona,0.5,1.0,1.0,1.0,0.5,0.5,1.0,2.0,1.0,0.25,1.0,0.5,1.0,1.0,1.0,4.0,0.5,2.0,60,550,65,85,135,105,100,bug,fire,5,0
637,Cobalion,0.25,0.5,0.5,1.0,1.0,2.0,2.0,1.0,1.0,0.5,2.0,0.5,0.5,0.0,1.0,0.25,0.5,1.0,90,580,129,91,90,72,108,steel,fighting,5,1
638,Terrakion,0.5,0.5,1.0,1.0,2.0,2.0,0.5,1.0,1.0,2.0,2.0,1.0,0.5,0.5,2.0,0.5,2.0,2.0,129,580,90,91,72,90,108,rock,fighting,5,1
639,Virizion,1.0,0.5,1.0,0.5,2.0,1.0,2.0,4.0,1.0,0.5,0.5,2.0,1.0,2.0,2.0,0.5,1.0,0.5,90,580,72,91,90,129,108,grass,fighting,5,1
640,Tornadus,0.5,1.0,1.0,2.0,1.0,0.5,1.0,1.0,1.0,0.5,0.0,2.0,1.0,1.0,1.0,2.0,1.0,1.0,100,580,80,79,110,90,121,flying,,5,1
641,Thundurus,0.5,1.0,1.0,1.0,1.0,0.5,1.0,0.5,1.0,0.5,0.0,2.0,1.0,1.0,1.0,2.0,0.5,1.0,105,580,70,79,145,80,101,electric,flying,5,1
642,Reshiram,0.5,1.0,2.0,0.5,1.0,1.0,0.25,1.0,1.0,0.25,2.0,1.0,1.0,1.0,1.0,2.0,0.5,1.0,120,680,100,100,150,120,90,dragon,fire,5,1
643,Zekrom,1.0,1.0,2.0,0.25,2.0,1.0,0.5,0.5,1.0,0.5,2.0,2.0,1.0,1.0,1.0,1.0,0.5,0.5,150,680,120,100,120,100,90,dragon,electric,5,1
644,Landorus,0.5,1.0,1.0,0.0,1.0,0.5,1.0,1.0,1.0,1.0,0.0,4.0,1.0,0.5,1.0,1.0,1.0,2.0,145,600,90,89,105,80,91,ground,flying,5,1
645,Kyurem,1.0,1.0,2.0,0.5,2.0,2.0,1.0,1.0,1.0,0.5,1.0,1.0,1.0,1.0,1.0,2.0,2.0,0.5,120,700,90,125,170,100,95,dragon,ice,5,1
646,Keldeo,0.5,0.5,1.0,2.0,2.0,1.0,0.5,2.0,1.0,2.0,1.0,0.5,1.0,1.0,2.0,0.5,0.5,0.5,72,580,90,91,129,90,108,water,fighting,5,1
647,Meloetta,2.0,2.0,1.0,1.0,1.0,1.0,1.0,1.0,0.0,1.0,1.0,1.0,1.0,1.0,0.5,1.0,1.0,1.0,128,600,90,100,77,77,128,normal,psychic,5,1
648,Genesect,0.5,1.0,0.5,1.0,0.5,1.0,4.0,1.0,1.0,0.25,1.0,0.5,0.5,0.0,0.5,1.0,0.5,1.0,120,600,95,71,120,95,99,bug,steel,5,1
649,Chespin,2.0,1.0,1.0,0.5,1.0,1.0,2.0,2.0,1.0,0.5,0.5,2.0,1.0,2.0,1.0,1.0,1.0,0.5,61,313,65,56,48,45,38,grass,,6,0
650,Quilladin,2.0,1.0,1.0,0.5,1.0,1.0,2.0,2.0,1.0,0.5,0.5,2.0,1.0,2.0,1.0,1.0,1.0,0.5,78,405,95,61,56,58,57,grass,,6,0
651,Chesnaught,1.0,0.5,1.0,0.5,2.0,1.0,2.0,4.0,1.0,0.5,0.5,2.0,1.0,2.0,2.0,0.5,1.0,0.5,107,530,122,88,74,75,64,grass,fighting,6,0
652,Fennekin,0.5,1.0,1.0,1.0,0.5,1.0,0.5,1.0,1.0,0.5,2.0,0.5,1.0,1.0,1.0,2.0,0.5,2.0,45,307,40,40,62,60,60,fire,,6,0
653,Braixen,0.5,1.0,1.0,1.0,0.5,1.0,0.5,1.0,1.0,0.5,2.0,0.5,1.0,1.0,1.0,2.0,0.5,2.0,59,409,58,59,90,70,73,fire,,6,0
654,Delphox,1.0,2.0,1.0,1.0,0.5,0.5,0.5,1.0,2.0,0.5,2.0,0.5,1.0,1.0,0.5,2.0,0.5,2.0,69,534,72,75,114,100,104,fire,psychic,6,0
655,Froakie,1.0,1.0,1.0,2.0,1.0,1.0,0.5,1.0,1.0,2.0,1.0,0.5,1.0,1.0,1.0,1.0,0.5,0.5,56,314,40,41,62,44,71,water,,6,0
656,Frogadier,1.0,1.0,1.0,2.0,1.0,1.0,0.5,1.0,1.0,2.0,1.0,0.5,1.0,1.0,1.0,1.0,0.5,0.5,63,405,52,54,83,56,97,water,,6,0
657,Greninja,2.0,0.5,1.0,2.0,2.0,2.0,0.5,1.0,0.5,2.0,1.0,0.5,1.0,1.0,0.0,1.0,0.5,0.5,145,640,67,72,153,71,132,water,dark,6,0
658,Bunnelby,1.0,1.0,1.0,1.0,1.0,2.0,1.0,1.0,0.0,1.0,1.0,1.0,1.0,1.0,1.0,1.0,1.0,1.0,36,237,38,38,32,36,57,normal,,6,0
659,Diggersby,1.0,1.0,1.0,0.0,1.0,2.0,1.0,1.0,0.0,2.0,1.0,2.0,1.0,0.5,1.0,0.5,1.0,2.0,56,423,77,85,50,77,78,normal,ground,6,0
660,Fletchling,0.5,1.0,1.0,2.0,1.0,1.0,1.0,1.0,0.0,0.5,0.0,2.0,1.0,1.0,1.0,2.0,1.0,1.0,50,278,43,45,40,38,62,normal,flying,6,0
661,Fletchinder,0.25,1.0,1.0,2.0,0.5,0.5,0.5,1.0,1.0,0.25,0.0,1.0,1.0,1.0,1.0,4.0,0.5,2.0,73,382,55,62,56,52,84,fire,flying,6,0
662,Talonflame,0.25,1.0,1.0,2.0,0.5,0.5,0.5,1.0,1.0,0.25,0.0,1.0,1.0,1.0,1.0,4.0,0.5,2.0,81,499,71,78,74,69,126,fire,flying,6,0
663,Scatterbug,1.0,1.0,1.0,1.0,1.0,0.5,2.0,2.0,1.0,0.5,0.5,1.0,1.0,1.0,1.0,2.0,1.0,1.0,35,200,40,38,27,25,35,bug,,6,0
664,Spewpa,1.0,1.0,1.0,1.0,1.0,0.5,2.0,2.0,1.0,0.5,0.5,1.0,1.0,1.0,1.0,2.0,1.0,1.0,22,213,60,45,27,30,29,bug,,6,0
665,Vivillon,0.5,1.0,1.0,2.0,1.0,0.25,2.0,2.0,1.0,0.25,0.0,2.0,1.0,1.0,1.0,4.0,1.0,1.0,52,411,50,80,90,50,89,bug,flying,6,0
666,Litleo,0.5,1.0,1.0,1.0,0.5,2.0,0.5,1.0,0.0,0.5,2.0,0.5,1.0,1.0,1.0,2.0,0.5,2.0,50,369,58,62,73,54,72,fire,normal,6,0
667,Pyroar,0.5,1.0,1.0,1.0,0.5,2.0,0.5,1.0,0.0,0.5,2.0,0.5,1.0,1.0,1.0,2.0,0.5,2.0,68,507,72,86,109,66,106,fire,normal,6,0
668,Flabébé,0.5,0.5,0.0,1.0,1.0,0.5,1.0,1.0,1.0,1.0,1.0,1.0,1.0,2.0,1.0,1.0,2.0,1.0,38,303,39,44,61,79,42,fairy,,6,0
669,Floette,0.5,0.5,0.0,1.0,1.0,0.5,1.0,1.0,1.0,1.0,1.0,1.0,1.0,2.0,1.0,1.0,2.0,1.0,65,551,67,74,125,128,92,fairy,,6,0
670,Florges,0.5,0.5,0.0,1.0,1.0,0.5,1.0,1.0,1.0,1.0,1.0,1.0,1.0,2.0,1.0,1.0,2.0,1.0,65,552,68,78,112,154,75,fairy,,6,0
671,Skiddo,2.0,1.0,1.0,0.5,1.0,1.0,2.0,2.0,1.0,0.5,0.5,2.0,1.0,2.0,1.0,1.0,1.0,0.5,65,350,48,66,62,57,52,grass,,6,0
672,Gogoat,2.0,1.0,1.0,0.5,1.0,1.0,2.0,2.0,1.0,0.5,0.5,2.0,1.0,2.0,1.0,1.0,1.0,0.5,100,531,62,123,97,81,68,grass,,6,0
673,Pancham,0.5,0.5,1.0,1.0,2.0,1.0,1.0,2.0,1.0,1.0,1.0,1.0,1.0,1.0,2.0,0.5,1.0,1.0,82,348,62,67,46,48,43,fighting,,6,0
674,Pangoro,1.0,0.25,1.0,1.0,4.0,2.0,1.0,2.0,0.5,1.0,1.0,1.0,1.0,1.0,0.0,0.5,1.0,1.0,124,495,78,95,69,71,58,fighting,dark,6,0
675,Furfrou,1.0,1.0,1.0,1.0,1.0,2.0,1.0,1.0,0.0,1.0,1.0,1.0,1.0,1.0,1.0,1.0,1.0,1.0,80,472,60,75,65,90,102,normal,,6,0
676,Espurr,2.0,2.0,1.0,1.0,1.0,0.5,1.0,1.0,2.0,1.0,1.0,1.0,1.0,1.0,0.5,1.0,1.0,1.0,48,355,54,62,63,60,68,psychic,,6,0
677,Meowstic,2.0,2.0,1.0,1.0,1.0,0.5,1.0,1.0,2.0,1.0,1.0,1.0,1.0,1.0,0.5,1.0,1.0,1.0,48,466,76,74,83,81,104,psychic,,6,0
678,Honedge,0.25,2.0,0.5,1.0,0.5,0.0,2.0,0.5,2.0,0.5,2.0,0.5,0.0,0.0,0.5,0.5,0.5,1.0,80,325,100,45,35,37,28,steel,ghost,6,0
679,Doublade,0.25,2.0,0.5,1.0,0.5,0.0,2.0,0.5,2.0,0.5,2.0,0.5,0.0,0.0,0.5,0.5,0.5,1.0,110,448,150,59,45,49,35,steel,ghost,6,0
680,Aegislash,0.25,2.0,0.5,1.0,0.5,0.0,2.0,0.5,2.0,0.5,2.0,0.5,0.0,0.0,0.5,0.5,0.5,1.0,150,520,50,60,150,50,60,steel,ghost,6,0
681,Spritzee,0.5,0.5,0.0,1.0,1.0,0.5,1.0,1.0,1.0,1.0,1.0,1.0,1.0,2.0,1.0,1.0,2.0,1.0,52,341,60,78,63,65,23,fairy,,6,0
682,Aromatisse,0.5,0.5,0.0,1.0,1.0,0.5,1.0,1.0,1.0,1.0,1.0,1.0,1.0,2.0,1.0,1.0,2.0,1.0,72,462,72,101,99,89,29,fairy,,6,0
683,Swirlix,0.5,0.5,0.0,1.0,1.0,0.5,1.0,1.0,1.0,1.0,1.0,1.0,1.0,2.0,1.0,1.0,2.0,1.0,48,341,66,62,59,57,49,fairy,,6,0
684,Slurpuff,0.5,0.5,0.0,1.0,1.0,0.5,1.0,1.0,1.0,1.0,1.0,1.0,1.0,2.0,1.0,1.0,2.0,1.0,80,480,86,82,85,75,72,fairy,,6,0
685,Inkay,4.0,1.0,1.0,1.0,2.0,1.0,1.0,1.0,1.0,1.0,1.0,1.0,1.0,1.0,0.0,1.0,1.0,1.0,54,288,53,53,37,46,45,dark,psychic,6,0
686,Malamar,4.0,1.0,1.0,1.0,2.0,1.0,1.0,1.0,1.0,1.0,1.0,1.0,1.0,1.0,0.0,1.0,1.0,1.0,92,482,88,86,68,75,73,dark,psychic,6,0
687,Binacle,1.0,1.0,1.0,2.0,1.0,2.0,0.25,0.5,1.0,4.0,2.0,0.5,0.5,0.5,1.0,1.0,1.0,1.0,52,306,67,42,39,56,50,rock,water,6,0
688,Barbaracle,1.0,1.0,1.0,2.0,1.0,2.0,0.25,0.5,1.0,4.0,2.0,0.5,0.5,0.5,1.0,1.0,1.0,1.0,105,500,115,72,54,86,68,rock,water,6,0
689,Skrelp,0.5,1.0,1.0,2.0,0.5,0.5,0.5,1.0,1.0,1.0,2.0,0.5,1.0,0.5,2.0,1.0,0.5,0.5,60,320,60,50,60,60,30,poison,water,6,0
690,Dragalge,0.5,1.0,2.0,0.5,1.0,0.5,0.5,1.0,1.0,0.25,2.0,2.0,1.0,0.5,2.0,1.0,1.0,0.5,75,494,90,65,97,123,44,poison,dragon,6,0
691,Clauncher,1.0,1.0,1.0,2.0,1.0,1.0,0.5,1.0,1.0,2.0,1.0,0.5,1.0,1.0,1.0,1.0,0.5,0.5,53,330,62,50,58,63,44,water,,6,0
692,Clawitzer,1.0,1.0,1.0,2.0,1.0,1.0,0.5,1.0,1.0,2.0,1.0,0.5,1.0,1.0,1.0,1.0,0.5,0.5,73,500,88,71,120,89,59,water,,6,0
693,Helioptile,1.0,1.0,1.0,0.5,1.0,2.0,1.0,0.5,0.0,1.0,2.0,1.0,1.0,1.0,1.0,1.0,0.5,1.0,38,289,33,44,61,43,70,electric,normal,6,0
694,Heliolisk,1.0,1.0,1.0,0.5,1.0,2.0,1.0,0.5,0.0,1.0,2.0,1.0,1.0,1.0,1.0,1.0,0.5,1.0,55,481,52,62,109,94,109,electric,normal,6,0
695,Tyrunt,1.0,1.0,2.0,0.5,2.0,2.0,0.25,0.5,1.0,1.0,2.0,2.0,0.5,0.5,1.0,1.0,2.0,1.0,89,362,77,58,45,45,48,rock,dragon,6,0
696,Tyrantrum,1.0,1.0,2.0,0.5,2.0,2.0,0.25,0.5,1.0,1.0,2.0,2.0,0.5,0.5,1.0,1.0,2.0,1.0,121,521,119,82,69,59,71,rock,dragon,6,0
697,Amaura,1.0,1.0,1.0,1.0,1.0,4.0,1.0,0.5,1.0,2.0,2.0,0.5,0.5,0.5,1.0,2.0,4.0,2.0,59,362,50,77,67,63,46,rock,ice,6,0
698,Aurorus,1.0,1.0,1.0,1.0,1.0,4.0,1.0,0.5,1.0,2.0,2.0,0.5,0.5,0.5,1.0,2.0,4.0,2.0,77,521,72,123,99,92,58,rock,ice,6,0
699,Sylveon,0.5,0.5,0.0,1.0,1.0,0.5,1.0,1.0,1.0,1.0,1.0,1.0,1.0,2.0,1.0,1.0,2.0,1.0,65,525,65,95,110,130,60,fairy,,6,0
700,Hawlucha,0.25,0.5,1.0,2.0,2.0,0.5,1.0,2.0,1.0,0.5,0.0,2.0,1.0,1.0,2.0,1.0,1.0,1.0,92,500,75,78,74,63,118,fighting,flying,6,0
701,Dedenne,0.5,0.5,0.0,0.5,1.0,0.5,1.0,0.5,1.0,1.0,2.0,1.0,1.0,2.0,1.0,1.0,1.0,1.0,58,431,57,67,81,67,101,electric,fairy,6,0
702,Carbink,0.5,0.5,0.0,1.0,1.0,1.0,0.5,0.5,1.0,2.0,2.0,1.0,0.5,1.0,1.0,1.0,4.0,2.0,50,500,150,50,50,150,50,rock,fairy,6,0
703,Goomy,1.0,1.0,2.0,0.5,2.0,1.0,0.5,1.0,1.0,0.5,1.0,2.0,1.0,1.0,1.0,1.0,1.0,0.5,50,300,35,45,55,75,40,dragon,,6,0
704,Sliggoo,1.0,1.0,2.0,0.5,2.0,1.0,0.5,1.0,1.0,0.5,1.0,2.0,1.0,1.0,1.0,1.0,1.0,0.5,75,452,53,68,83,113,60,dragon,,6,0
705,Goodra,1.0,1.0,2.0,0.5,2.0,1.0,0.5,1.0,1.0,0.5,1.0,2.0,1.0,1.0,1.0,1.0,1.0,0.5,100,600,70,90,110,150,80,dragon,,6,0
706,Klefki,0.25,0.5,0.0,1.0,0.5,1.0,2.0,0.5,1.0,0.5,2.0,0.5,0.5,0.0,0.5,0.5,1.0,1.0,80,470,91,57,80,87,75,steel,fairy,6,0
707,Phantump,1.0,2.0,1.0,0.5,1.0,0.0,2.0,2.0,2.0,0.5,0.5,2.0,0.0,1.0,1.0,1.0,1.0,0.5,70,309,48,43,50,60,38,ghost,grass,6,0
708,Trevenant,1.0,2.0,1.0,0.5,1.0,0.0,2.0,2.0,2.0,0.5,0.5,2.0,0.0,1.0,1.0,1.0,1.0,0.5,110,474,76,85,65,82,56,ghost,grass,6,0
709,Pumpkaboo,1.0,2.0,1.0,0.5,1.0,0.0,2.0,2.0,2.0,0.5,0.5,2.0,0.0,1.0,1.0,1.0,1.0,0.5,66,335,70,59,44,55,41,ghost,grass,6,0
710,Gourgeist,1.0,2.0,1.0,0.5,1.0,0.0,2.0,2.0,2.0,0.5,0.5,2.0,0.0,1.0,1.0,1.0,1.0,0.5,100,494,122,85,58,75,54,ghost,grass,6,0
711,Bergmite,1.0,1.0,1.0,1.0,1.0,2.0,2.0,1.0,1.0,1.0,1.0,0.5,1.0,1.0,1.0,2.0,2.0,1.0,69,304,85,55,32,35,28,ice,,6,0
712,Avalugg,1.0,1.0,1.0,1.0,1.0,2.0,2.0,1.0,1.0,1.0,1.0,0.5,1.0,1.0,1.0,2.0,2.0,1.0,117,514,184,95,44,46,28,ice,,6,0
713,Noibat,0.5,1.0,2.0,1.0,2.0,0.5,0.5,1.0,1.0,0.25,0.0,4.0,1.0,1.0,1.0,2.0,1.0,0.5,30,245,35,40,45,40,55,flying,dragon,6,0
714,Noivern,0.5,1.0,2.0,1.0,2.0,0.5,0.5,1.0,1.0,0.25,0.0,4.0,1.0,1.0,1.0,2.0,1.0,0.5,70,535,80,85,97,80,123,flying,dragon,6,0
715,Xerneas,0.5,0.5,0.0,1.0,1.0,0.5,1.0,1.0,1.0,1.0,1.0,1.0,1.0,2.0,1.0,1.0,2.0,1.0,131,680,95,126,131,98,99,fairy,,6,1
716,Yveltal,1.0,0.5,1.0,2.0,2.0,1.0,1.0,1.0,0.5,0.5,0.0,2.0,1.0,1.0,0.0,2.0,1.0,1.0,131,680,95,126,131,98,99,dark,flying,6,1
717,Zygarde,1.0,1.0,2.0,0.0,2.0,1.0,0.5,1.0,1.0,1.0,1.0,4.0,1.0,0.5,1.0,0.5,1.0,1.0,100,708,121,216,91,95,85,dragon,ground,6,1
718,Diancie,0.5,0.5,0.0,1.0,1.0,1.0,0.5,0.5,1.0,2.0,2.0,1.0,0.5,1.0,1.0,1.0,4.0,2.0,160,700,110,50,160,110,110,rock,fairy,6,1
719,Hoopa,1.0,4.0,1.0,1.0,1.0,0.0,1.0,1.0,4.0,1.0,1.0,1.0,0.0,0.5,0.5,1.0,1.0,1.0,160,680,60,80,170,130,80,psychic,ghost,6,1
720,Volcanion,0.5,1.0,1.0,2.0,0.5,1.0,0.25,1.0,1.0,1.0,2.0,0.25,1.0,1.0,1.0,2.0,0.25,1.0,110,600,120,80,130,90,70,fire,water,6,1
721,Rowlet,1.0,1.0,1.0,1.0,1.0,0.5,2.0,2.0,1.0,0.25,0.0,4.0,1.0,2.0,1.0,2.0,1.0,0.5,55,320,55,68,50,50,42,grass,flying,7,0
722,Dartrix,1.0,1.0,1.0,1.0,1.0,0.5,2.0,2.0,1.0,0.25,0.0,4.0,1.0,2.0,1.0,2.0,1.0,0.5,75,420,75,78,70,70,52,grass,flying,7,0
723,Decidueye,1.0,2.0,1.0,0.5,1.0,0.0,2.0,2.0,2.0,0.5,0.5,2.0,0.0,1.0,1.0,1.0,1.0,0.5,107,530,75,78,100,100,70,grass,ghost,7,0
724,Litten,0.5,1.0,1.0,1.0,0.5,1.0,0.5,1.0,1.0,0.5,2.0,0.5,1.0,1.0,1.0,2.0,0.5,2.0,65,320,40,45,60,40,70,fire,,7,0
725,Torracat,0.5,1.0,1.0,1.0,0.5,1.0,0.5,1.0,1.0,0.5,2.0,0.5,1.0,1.0,1.0,2.0,0.5,2.0,85,420,50,65,80,50,90,fire,,7,0
726,Incineroar,1.0,0.5,1.0,1.0,1.0,2.0,0.5,1.0,0.5,0.5,2.0,0.5,1.0,1.0,0.0,2.0,0.5,2.0,115,530,90,95,80,90,60,fire,dark,7,0
727,Popplio,1.0,1.0,1.0,2.0,1.0,1.0,0.5,1.0,1.0,2.0,1.0,0.5,1.0,1.0,1.0,1.0,0.5,0.5,54,320,54,50,66,56,40,water,,7,0
728,Brionne,1.0,1.0,1.0,2.0,1.0,1.0,0.5,1.0,1.0,2.0,1.0,0.5,1.0,1.0,1.0,1.0,0.5,0.5,69,420,69,60,91,81,50,water,,7,0
729,Primarina,0.5,0.5,0.0,2.0,1.0,0.5,0.5,1.0,1.0,2.0,1.0,0.5,1.0,2.0,1.0,1.0,1.0,0.5,74,530,74,80,126,116,60,water,fairy,7,0
730,Pikipek,0.5,1.0,1.0,2.0,1.0,1.0,1.0,1.0,0.0,0.5,0.0,2.0,1.0,1.0,1.0,2.0,1.0,1.0,75,265,30,35,30,30,65,normal,flying,7,0
731,Trumbeak,0.5,1.0,1.0,2.0,1.0,1.0,1.0,1.0,0.0,0.5,0.0,2.0,1.0,1.0,1.0,2.0,1.0,1.0,85,355,50,55,40,50,75,normal,flying,7,0
732,Toucannon,0.5,1.0,1.0,2.0,1.0,1.0,1.0,1.0,0.0,0.5,0.0,2.0,1.0,1.0,1.0,2.0,1.0,1.0,120,485,75,80,75,75,60,normal,flying,7,0
733,Yungoos,1.0,1.0,1.0,1.0,1.0,2.0,1.0,1.0,0.0,1.0,1.0,1.0,1.0,1.0,1.0,1.0,1.0,1.0,70,253,30,48,30,30,45,normal,,7,0
734,Gumshoos,1.0,1.0,1.0,1.0,1.0,2.0,1.0,1.0,0.0,1.0,1.0,1.0,1.0,1.0,1.0,1.0,1.0,1.0,110,418,60,88,55,60,45,normal,,7,0
735,Grubbin,1.0,1.0,1.0,1.0,1.0,0.5,2.0,2.0,1.0,0.5,0.5,1.0,1.0,1.0,1.0,2.0,1.0,1.0,62,300,45,47,55,45,46,bug,,7,0
736,Charjabug,1.0,1.0,1.0,0.5,1.0,0.5,2.0,1.0,1.0,0.5,1.0,1.0,1.0,1.0,1.0,2.0,0.5,1.0,82,400,95,57,55,75,36,bug,electric,7,0
737,Vikavolt,1.0,1.0,1.0,0.5,1.0,0.5,2.0,1.0,1.0,0.5,1.0,1.0,1.0,1.0,1.0,2.0,0.5,1.0,70,500,90,77,145,75,43,bug,electric,7,0
738,Crabrawler,0.5,0.5,1.0,1.0,2.0,1.0,1.0,2.0,1.0,1.0,1.0,1.0,1.0,1.0,2.0,0.5,1.0,1.0,82,338,57,47,42,47,63,fighting,,7,0
739,Crabominable,0.5,0.5,1.0,1.0,2.0,2.0,2.0,2.0,1.0,1.0,1.0,0.5,1.0,1.0,2.0,1.0,2.0,1.0,132,478,77,97,62,67,43,fighting,ice,7,0
740,Oricorio,0.25,1.0,1.0,2.0,0.5,0.5,0.5,1.0,1.0,0.25,0.0,1.0,1.0,1.0,1.0,4.0,0.5,2.0,70,476,70,75,98,70,93,fire,flying,7,0
741,Cutiefly,0.5,0.5,0.0,1.0,1.0,0.25,2.0,2.0,1.0,0.5,0.5,1.0,1.0,2.0,1.0,2.0,2.0,1.0,45,304,40,40,55,40,84,bug,fairy,7,0
742,Ribombee,0.5,0.5,0.0,1.0,1.0,0.25,2.0,2.0,1.0,0.5,0.5,1.0,1.0,2.0,1.0,2.0,2.0,1.0,55,464,60,60,95,70,124,bug,fairy,7,0
743,Rockruff,1.0,1.0,1.0,1.0,1.0,2.0,0.5,0.5,1.0,2.0,2.0,1.0,0.5,0.5,1.0,1.0,2.0,2.0,65,280,40,45,30,40,60,rock,,7,0
744,Lycanroc,1.0,1.0,1.0,1.0,1.0,2.0,0.5,0.5,1.0,2.0,2.0,1.0,0.5,0.5,1.0,1.0,2.0,2.0,115,487,75,85,55,75,82,rock,,7,0
745,Wishiwashi,1.0,1.0,1.0,2.0,1.0,1.0,0.5,1.0,1.0,2.0,1.0,0.5,1.0,1.0,1.0,1.0,0.5,0.5,140,620,130,45,140,135,30,water,,7,0
746,Mareanie,0.5,1.0,1.0,2.0,0.5,0.5,0.5,1.0,1.0,1.0,2.0,0.5,1.0,0.5,2.0,1.0,0.5,0.5,53,305,62,50,43,52,45,poison,water,7,0
747,Toxapex,0.5,1.0,1.0,2.0,0.5,0.5,0.5,1.0,1.0,1.0,2.0,0.5,1.0,0.5,2.0,1.0,0.5,0.5,63,495,152,50,53,142,35,poison,water,7,0
748,Mudbray,1.0,1.0,1.0,0.0,1.0,1.0,1.0,1.0,1.0,2.0,1.0,2.0,1.0,0.5,1.0,0.5,1.0,2.0,100,385,70,70,45,55,45,ground,,7,0
749,Mudsdale,1.0,1.0,1.0,0.0,1.0,1.0,1.0,1.0,1.0,2.0,1.0,2.0,1.0,0.5,1.0,0.5,1.0,2.0,125,500,100,100,55,85,35,ground,,7,0
750,Dewpider,1.0,1.0,1.0,2.0,1.0,0.5,1.0,2.0,1.0,1.0,0.5,0.5,1.0,1.0,1.0,2.0,0.5,0.5,40,269,52,38,40,72,27,water,bug,7,0
751,Araquanid,1.0,1.0,1.0,2.0,1.0,0.5,1.0,2.0,1.0,1.0,0.5,0.5,1.0,1.0,1.0,2.0,0.5,0.5,70,454,92,68,50,132,42,water,bug,7,0
752,Fomantis,2.0,1.0,1.0,0.5,1.0,1.0,2.0,2.0,1.0,0.5,0.5,2.0,1.0,2.0,1.0,1.0,1.0,0.5,55,250,35,40,50,35,35,grass,,7,0
753,Lurantis,2.0,1.0,1.0,0.5,1.0,1.0,2.0,2.0,1.0,0.5,0.5,2.0,1.0,2.0,1.0,1.0,1.0,0.5,105,480,90,70,80,90,45,grass,,7,0
754,Morelull,1.0,0.5,0.0,0.5,1.0,0.5,2.0,2.0,1.0,0.5,0.5,2.0,1.0,4.0,1.0,1.0,2.0,0.5,35,285,55,40,65,75,15,grass,fairy,7,0
755,Shiinotic,1.0,0.5,0.0,0.5,1.0,0.5,2.0,2.0,1.0,0.5,0.5,2.0,1.0,4.0,1.0,1.0,2.0,0.5,45,405,80,60,90,100,30,grass,fairy,7,0
756,Salandit,0.25,1.0,1.0,1.0,0.25,0.5,0.5,1.0,1.0,0.25,4.0,0.5,1.0,0.5,2.0,2.0,0.5,2.0,44,320,40,48,71,40,77,poison,fire,7,0
757,Salazzle,0.25,1.0,1.0,1.0,0.25,0.5,0.5,1.0,1.0,0.25,4.0,0.5,1.0,0.5,2.0,2.0,0.5,2.0,64,480,60,68,111,60,117,poison,fire,7,0
758,Stufful,0.5,0.5,1.0,1.0,2.0,2.0,1.0,2.0,0.0,1.0,1.0,1.0,1.0,1.0,2.0,0.5,1.0,1.0,75,340,50,70,45,50,50,normal,fighting,7,0
759,Bewear,0.5,0.5,1.0,1.0,2.0,2.0,1.0,2.0,0.0,1.0,1.0,1.0,1.0,1.0,2.0,0.5,1.0,1.0,125,500,80,120,55,60,60,normal,fighting,7,0
760,Bounsweet,2.0,1.0,1.0,0.5,1.0,1.0,2.0,2.0,1.0,0.5,0.5,2.0,1.0,2.0,1.0,1.0,1.0,0.5,30,210,38,42,30,38,32,grass,,7,0
761,Steenee,2.0,1.0,1.0,0.5,1.0,1.0,2.0,2.0,1.0,0.5,0.5,2.0,1.0,2.0,1.0,1.0,1.0,0.5,40,290,48,52,40,48,62,grass,,7,0
762,Tsareena,2.0,1.0,1.0,0.5,1.0,1.0,2.0,2.0,1.0,0.5,0.5,2.0,1.0,2.0,1.0,1.0,1.0,0.5,120,510,98,72,50,98,72,grass,,7,0
763,Comfey,0.5,0.5,0.0,1.0,1.0,0.5,1.0,1.0,1.0,1.0,1.0,1.0,1.0,2.0,1.0,1.0,2.0,1.0,52,485,90,51,82,110,100,fairy,,7,0
764,Oranguru,2.0,2.0,1.0,1.0,1.0,1.0,1.0,1.0,0.0,1.0,1.0,1.0,1.0,1.0,0.5,1.0,1.0,1.0,60,490,80,90,90,110,60,normal,psychic,7,0
765,Passimian,0.5,0.5,1.0,1.0,2.0,1.0,1.0,2.0,1.0,1.0,1.0,1.0,1.0,1.0,2.0,0.5,1.0,1.0,120,490,90,100,40,60,80,fighting,,7,0
766,Wimpod,1.0,1.0,1.0,2.0,1.0,0.5,1.0,2.0,1.0,1.0,0.5,0.5,1.0,1.0,1.0,2.0,0.5,0.5,35,230,40,25,20,30,80,bug,water,7,0
767,Golisopod,1.0,1.0,1.0,2.0,1.0,0.5,1.0,2.0,1.0,1.0,0.5,0.5,1.0,1.0,1.0,2.0,0.5,0.5,125,530,140,75,60,90,40,bug,water,7,0
768,Sandygast,0.5,2.0,1.0,0.0,1.0,0.0,1.0,1.0,2.0,2.0,1.0,2.0,0.0,0.25,1.0,0.5,1.0,2.0,55,320,80,55,70,45,15,ghost,ground,7,0
769,Palossand,0.5,2.0,1.0,0.0,1.0,0.0,1.0,1.0,2.0,2.0,1.0,2.0,0.0,0.25,1.0,0.5,1.0,2.0,75,480,110,85,100,75,35,ghost,ground,7,0
770,Pyukumuku,1.0,1.0,1.0,2.0,1.0,1.0,0.5,1.0,1.0,2.0,1.0,0.5,1.0,1.0,1.0,1.0,0.5,0.5,60,410,130,55,30,130,5,water,,7,0
771,Type: Null,1.0,1.0,1.0,1.0,1.0,2.0,1.0,1.0,0.0,1.0,1.0,1.0,1.0,1.0,1.0,1.0,1.0,1.0,95,534,95,95,95,95,59,normal,,7,0
772,Silvally,1.0,1.0,1.0,1.0,1.0,2.0,1.0,1.0,0.0,1.0,1.0,1.0,1.0,1.0,1.0,1.0,1.0,1.0,95,570,95,95,95,95,95,normal,,7,0
773,Minior,0.5,1.0,1.0,2.0,1.0,1.0,0.5,0.5,1.0,1.0,0.0,2.0,0.5,0.5,1.0,2.0,2.0,2.0,100,500,60,60,100,60,120,rock,flying,7,0
774,Komala,1.0,1.0,1.0,1.0,1.0,2.0,1.0,1.0,0.0,1.0,1.0,1.0,1.0,1.0,1.0,1.0,1.0,1.0,115,480,65,65,75,95,65,normal,,7,0
775,Turtonator,0.5,1.0,2.0,0.5,1.0,1.0,0.25,1.0,1.0,0.25,2.0,1.0,1.0,1.0,1.0,2.0,0.5,1.0,78,485,135,60,91,85,36,fire,dragon,7,0
776,Togedemaru,0.5,1.0,0.5,0.5,0.5,2.0,2.0,0.25,1.0,0.5,4.0,0.5,0.5,0.0,0.5,0.5,0.25,1.0,98,435,63,65,40,73,96,electric,steel,7,0
777,Mimikyu,0.25,1.0,0.0,1.0,1.0,0.0,1.0,1.0,2.0,1.0,1.0,1.0,0.0,1.0,1.0,1.0,2.0,1.0,90,476,80,55,50,105,96,ghost,fairy,7,0
778,Bruxish,2.0,2.0,1.0,2.0,1.0,0.5,0.5,1.0,2.0,2.0,1.0,0.5,1.0,1.0,0.5,1.0,0.5,0.5,105,475,70,68,70,70,92,water,psychic,7,0
779,Drampa,1.0,1.0,2.0,0.5,2.0,2.0,0.5,1.0,0.0,0.5,1.0,2.0,1.0,1.0,1.0,1.0,1.0,0.5,60,485,85,78,135,91,36,normal,dragon,7,0
780,Dhelmise,1.0,2.0,1.0,0.5,1.0,0.0,2.0,2.0,2.0,0.5,0.5,2.0,0.0,1.0,1.0,1.0,1.0,0.5,131,517,100,70,86,90,40,ghost,grass,7,0
781,Jangmo-o,1.0,1.0,2.0,0.5,2.0,1.0,0.5,1.0,1.0,0.5,1.0,2.0,1.0,1.0,1.0,1.0,1.0,0.5,55,300,65,45,45,45,45,dragon,,7,0
782,Hakamo-o,0.5,0.5,2.0,0.5,4.0,1.0,0.5,2.0,1.0,0.5,1.0,2.0,1.0,1.0,2.0,0.5,1.0,0.5,75,420,90,55,65,70,65,dragon,fighting,7,0
783,Kommo-o,0.5,0.5,2.0,0.5,4.0,1.0,0.5,2.0,1.0,0.5,1.0,2.0,1.0,1.0,2.0,0.5,1.0,0.5,110,600,125,75,100,105,85,dragon,fighting,7,0
784,Tapu Koko,0.5,0.5,0.0,0.5,1.0,0.5,1.0,0.5,1.0,1.0,2.0,1.0,1.0,2.0,1.0,1.0,1.0,1.0,115,570,85,70,95,75,130,electric,fairy,7,1
785,Tapu Lele,1.0,1.0,0.0,1.0,1.0,0.25,1.0,1.0,2.0,1.0,1.0,1.0,1.0,2.0,0.5,1.0,2.0,1.0,85,570,75,70,130,115,95,psychic,fairy,7,1
786,Tapu Bulu,1.0,0.5,0.0,0.5,1.0,0.5,2.0,2.0,1.0,0.5,0.5,2.0,1.0,4.0,1.0,1.0,2.0,0.5,130,570,115,70,85,95,75,grass,fairy,7,1
787,Tapu Fini,0.5,0.5,0.0,2.0,1.0,0.5,0.5,1.0,1.0,2.0,1.0,0.5,1.0,2.0,1.0,1.0,1.0,0.5,75,570,115,70,95,130,85,water,fairy,7,1
788,Cosmog,2.0,2.0,1.0,1.0,1.0,0.5,1.0,1.0,2.0,1.0,1.0,1.0,1.0,1.0,0.5,1.0,1.0,1.0,29,200,31,43,29,31,37,psychic,,7,1
789,Cosmoem,2.0,2.0,1.0,1.0,1.0,0.5,1.0,1.0,2.0,1.0,1.0,1.0,1.0,1.0,0.5,1.0,1.0,1.0,29,400,131,43,29,131,37,psychic,,7,1
790,Solgaleo,1.0,2.0,0.5,1.0,0.5,1.0,2.0,0.5,2.0,0.5,2.0,0.5,0.5,0.0,0.25,0.5,0.5,1.0,137,680,107,137,113,89,97,psychic,steel,7,1
791,Lunala,1.0,4.0,1.0,1.0,1.0,0.0,1.0,1.0,4.0,1.0,1.0,1.0,0.0,0.5,0.5,1.0,1.0,1.0,113,680,89,137,137,107,97,psychic,ghost,7,1
792,Nihilego,0.5,1.0,1.0,1.0,0.5,1.0,0.5,0.5,1.0,1.0,4.0,1.0,0.5,0.25,2.0,1.0,2.0,2.0,53,570,47,109,127,131,103,rock,poison,7,1
793,Buzzwole,0.5,0.5,1.0,1.0,2.0,0.5,2.0,4.0,1.0,0.5,0.5,1.0,1.0,1.0,2.0,1.0,1.0,1.0,139,570,139,107,53,53,79,bug,fighting,7,1
794,Pheromosa,0.5,0.5,1.0,1.0,2.0,0.5,2.0,4.0,1.0,0.5,0.5,1.0,1.0,1.0,2.0,1.0,1.0,1.0,137,570,37,71,137,37,151,bug,fighting,7,1
795,Xurkitree,1.0,1.0,1.0,0.5,1.0,1.0,1.0,0.5,1.0,1.0,2.0,1.0,1.0,1.0,1.0,1.0,0.5,1.0,89,570,71,83,173,71,83,electric,,7,1
796,Celesteela,0.25,1.0,0.5,2.0,0.5,1.0,2.0,0.5,1.0,0.25,0.0,1.0,0.5,0.0,0.5,1.0,0.5,1.0,101,570,103,97,107,101,61,steel,flying,7,1
797,Kartana,1.0,1.0,0.5,0.5,0.5,2.0,4.0,1.0,1.0,0.25,1.0,1.0,0.5,0.0,0.5,0.5,0.5,0.5,181,570,131,59,59,31,109,grass,steel,7,1
798,Guzzlord,2.0,0.5,2.0,0.5,4.0,2.0,0.5,1.0,0.5,0.5,1.0,2.0,1.0,1.0,0.0,1.0,1.0,0.5,101,570,53,223,97,53,43,dark,dragon,7,1
799,Necrozma,2.0,2.0,1.0,1.0,1.0,0.5,1.0,1.0,2.0,1.0,1.0,1.0,1.0,1.0,0.5,1.0,1.0,1.0,107,600,101,97,127,89,79,psychic,,7,1
800,Magearna,0.25,0.5,0.0,1.0,0.5,1.0,2.0,0.5,1.0,0.5,2.0,0.5,0.5,0.0,0.5,0.5,1.0,1.0,95,600,115,80,130,115,65,steel,fairy,7,1
